-- This file is part of Scuola247.
--
-- Scuola247 is free software: you can redistribute it and/or modify it
-- under the terms of the GNU Affero General Public License version 3
-- as published by the Free Software Foundation.
--
-- Scuola247 is distributed in the hope that it will be useful,
-- but WITHOUT ANY WARRANTY; without even the implied warranty of
-- MERCHANTABILITY or FITNESS FOR A PARTICULAR PURPOSE.  See the
-- GNU General Public License for more details.
--
-- You should have received a copy of the GNU General Public License
-- along with Nome-Programma.  If not, see <http://www.gnu.org/licenses/>.
--
SET statement_timeout = 0;
SET lock_timeout = 0;
SET idle_in_transaction_session_timeout = 0;
SET client_encoding = 'UTF8';
SET standard_conforming_strings = on;
SET check_function_bodies = false;
SET client_min_messages = warning;
SET row_security = off;

SET search_path = "translate", pg_catalog;

--
-- Data for Name: languages; Type: TABLE DATA; Schema: translate; Owner: postgres
--

SET SESSION AUTHORIZATION DEFAULT;

ALTER TABLE "languages" DISABLE TRIGGER ALL;

INSERT INTO "languages" ("language", "description", "schema") VALUES (297479, 'Italian', 'it');


ALTER TABLE "languages" ENABLE TRIGGER ALL;

--
-- Data for Name: relations; Type: TABLE DATA; Schema: translate; Owner: postgres
--

ALTER TABLE "relations" DISABLE TRIGGER ALL;

INSERT INTO "relations" ("relation", "name", "language", "translation", "comment") VALUES (299124, 'school_years', 297479, 'anni_scolastici', 'Rappresenta gli anni scolastici e sono divisi per scuole');
INSERT INTO "relations" ("relation", "name", "language", "translation", "comment") VALUES (299175, 'absences', 297479, 'assenze', 'Visualizza le assenze per studente');
INSERT INTO "relations" ("relation", "name", "language", "translation", "comment") VALUES (299146, 'out_of_classrooms', 297479, 'fuori_classi', 'Indica quando uno studente non è presente ma non deve essere considerato assente, esempio: attività sportiva');
INSERT INTO "relations" ("relation", "name", "language", "translation", "comment") VALUES (299149, 'absences_certified_grp', 297479, 'assenze_certificati_grp', 'Raggruppa le assenze certificate con data, insegnante e classe');
INSERT INTO "relations" ("relation", "name", "language", "translation", "comment") VALUES (299135, 'absences_ex', 297479, 'assenze_ex', 'Visualizza ogni asenza per studente con altre informazioni');
INSERT INTO "relations" ("relation", "name", "language", "translation", "comment") VALUES (299077, 'leavings_month_grp', 297479, 'uscite_mese_grp', 'Visualizza le uscite del mese');
INSERT INTO "relations" ("relation", "name", "language", "translation", "comment") VALUES (299085, 'absences_grp', 297479, 'assenze_grp', 'Raggruppa le assenze per classe(anche per anno scolastico) e studente');
INSERT INTO "relations" ("relation", "name", "language", "translation", "comment") VALUES (299134, 'absences_month_grp', 297479, 'assenze_mese_grp', 'Raggruppa le assenze per classe (anche per anno scolastico) e mese
è usata una crossjoin per fare una lista di tutte le persone delle classi per ogni mese a zero per unire essisons the absences of the table for having all absences for every month of the year. also those at zero. otherwise, looking only table of absences, there will not');
INSERT INTO "relations" ("relation", "name", "language", "translation", "comment") VALUES (299097, 'classrooms_teachers_subjects_ex', 297479, 'classi_docenti_materie_ex', 'Visualizza le materie dei docenti con informazioni aggiuntive');
INSERT INTO "relations" ("relation", "name", "language", "translation", "comment") VALUES (299080, 'classbooks_month_grp', 297479, 'registro_di_classe_mese_grp', 'Mostra il registro di classe per mese');
INSERT INTO "relations" ("relation", "name", "language", "translation", "comment") VALUES (299105, 'classrooms_students_ex', 297479, 'classi_alunni_ex', 'Visualizza le informazioni perogni studente per ogni classe in ogni scuola');
INSERT INTO "relations" ("relation", "name", "language", "translation", "comment") VALUES (299076, 'classrooms_teachers_ex', 297479, 'classi_docenti_ex', 'Visualizza tutti gli insegnanti con maggiori informazioni');
INSERT INTO "relations" ("relation", "name", "language", "translation", "comment") VALUES (299132, 'classrooms_teachers_subject', 297479, 'classi_docenti_materia', 'Visualizza le materie dei docenti per ogni classe');
INSERT INTO "relations" ("relation", "name", "language", "translation", "comment") VALUES (299128, 'classrooms_ex', 297479, 'classi_ex', 'Visualizza le classi per ogni scuola con maggiori informazioni');
INSERT INTO "relations" ("relation", "name", "language", "translation", "comment") VALUES (299118, 'valutations_ex', 297479, 'valutazioni_ex', 'Visualizza ogni valutazione con maggiori informazioni');
INSERT INTO "relations" ("relation", "name", "language", "translation", "comment") VALUES (299088, 'signatures_ex', 297479, 'firme_ex', 'Contiene le firme per ogni insegnante con altre informazioni');
INSERT INTO "relations" ("relation", "name", "language", "translation", "comment") VALUES (299164, 'signatures_grp', 297479, 'firme_grp', 'Raggruppa le firme fatte per ogni insegnate nelle classi');
INSERT INTO "relations" ("relation", "name", "language", "translation", "comment") VALUES (299148, 'out_of_classrooms_ex', 297479, 'fuori_classi_ex', 'Visualizza ogni studente che non sarà presente per motivi particolari con altre informazioni');
INSERT INTO "relations" ("relation", "name", "language", "translation", "comment") VALUES (299126, 'out_of_classrooms_grp', 297479, 'fuori_classi_grp', 'Raggruppa gli studenti che non saranno in classe (anche per anno scolastico)');
INSERT INTO "relations" ("relation", "name", "language", "translation", "comment") VALUES (299092, 'schools_school_years_classrooms_weekly_timetable', 297479, 'istituti_anni_scolastici_classi_orario_settimanale', 'Visualizza tutti gli orari settimanali per ogni scuola');
INSERT INTO "relations" ("relation", "name", "language", "translation", "comment") VALUES (299104, 'lessons_ex', 297479, 'lezioni_ex', 'Visualizza tutte le lezioni con informazioni maggiori');
INSERT INTO "relations" ("relation", "name", "language", "translation", "comment") VALUES (299161, 'lessons_days', 297479, 'lezioni_giorni', 'Visualizza i giorni di lezione nelle varie scuole');
INSERT INTO "relations" ("relation", "name", "language", "translation", "comment") VALUES (299090, 'lessons_grp', 297479, 'lezioni_grp', 'Ragruppa tutte le lezioni per ogni insegnante e classe');
INSERT INTO "relations" ("relation", "name", "language", "translation", "comment") VALUES (299087, 'faults_grp', 297479, 'mancanze_grp', 'Raggruppa tutte le mancanze per tutti gli studenti e le classi');
INSERT INTO "relations" ("relation", "name", "language", "translation", "comment") VALUES (299081, 'valutations_stats_classrooms_subjects_ex', 297479, 'valutazioni_stats_classi_materie_ex', 'Statistiche delle valutazioni per classi e materie');
INSERT INTO "relations" ("relation", "name", "language", "translation", "comment") VALUES (299083, 'delays_not_explained_grp', 297479, 'ritardi_non_giustificate_grp', 'Mostra i ritardi di una classe limitandosi ai risultati non ancora giustificati');
INSERT INTO "relations" ("relation", "name", "language", "translation", "comment") VALUES (299094, 'weekly_timetables_days_ex', 297479, 'orari_settimanali_giorni_ex', 'Mostra ogni informazione per giorno nella tabella settimanale');
INSERT INTO "relations" ("relation", "name", "language", "translation", "comment") VALUES (299101, 'out_of_classrooms_month_grp', 297479, 'fuori_classi_mese_grp', 'Mostra gli alunni assenti che non devono giustificare del mese perché fuori dalla classe7');
INSERT INTO "relations" ("relation", "name", "language", "translation", "comment") VALUES (299106, 'leavings_certified_grp', 297479, 'uscite_certificati_grp', 'Mostra le uscite certificate per ogni classe');
INSERT INTO "relations" ("relation", "name", "language", "translation", "comment") VALUES (299112, 'cities', 297479, 'comuni', 'Contiene tutti i comuni italiani');
INSERT INTO "relations" ("relation", "name", "language", "translation", "comment") VALUES (299113, 'notes_iussed_grp', 297479, 'nota_emesse_grp', 'Mostra tutte le note fatte dai professori per classe');
INSERT INTO "relations" ("relation", "name", "language", "translation", "comment") VALUES (299117, 'absences_not_explanated_grp', 297479, 'assenze_non_giustificate_grp', 'Mostra tutte le assenze in una classe limitandosi a mostrare quelle non giustificate');
INSERT INTO "relations" ("relation", "name", "language", "translation", "comment") VALUES (299125, 'leavings_ex', 297479, 'uscite_ex', 'Visualizza ogni uscita con maggiori informazioni');
INSERT INTO "relations" ("relation", "name", "language", "translation", "comment") VALUES (299127, 'notes_month_grp', 297479, 'nota_mese_grp', 'Mostra le note del mese');
INSERT INTO "relations" ("relation", "name", "language", "translation", "comment") VALUES (299141, 'notes_grp', 297479, 'nota_grp', 'Mostra tutte le note per classe e studente');
INSERT INTO "relations" ("relation", "name", "language", "translation", "comment") VALUES (299129, 'weekly_timetable_ex', 297479, 'orario_settimanale_ex', 'Mostra l''orario settimanale per ogni classe con maggiori informazioni');
INSERT INTO "relations" ("relation", "name", "language", "translation", "comment") VALUES (299130, 'delays_ex', 297479, 'ritardi_ex', 'Mostra ogni ritardo con maggiori informazioni');
INSERT INTO "relations" ("relation", "name", "language", "translation", "comment") VALUES (299131, 'notes_ex', 297479, 'nota_ex', 'Mostra ogni nota con maggiori informazioni');
INSERT INTO "relations" ("relation", "name", "language", "translation", "comment") VALUES (299151, 'notes_signed_ex', 297479, 'nota_visto_ex', 'Mostra tutte le note vistate');
INSERT INTO "relations" ("relation", "name", "language", "translation", "comment") VALUES (299153, 'delays_grp', 297479, 'ritardi_grp', 'Mostra i ritardi di uno studente o in una classe');
INSERT INTO "relations" ("relation", "name", "language", "translation", "comment") VALUES (299154, 'delays_certified_grp', 297479, 'ritardi_certificati_grp', 'Mostra i ritardi certificati');
INSERT INTO "relations" ("relation", "name", "language", "translation", "comment") VALUES (299159, 'valutations_stats_classrooms_students_subjects', 297479, 'valutazioni_stats_classi_alunni_materie', 'Statistiche per classe / studente / professore');
INSERT INTO "relations" ("relation", "name", "language", "translation", "comment") VALUES (299167, 'leavings_not_explained_grp', 297479, 'uscite_non_giustificate_grp', 'Mostra tutte le uscite di uno studente o classe limitandosi a quelle non giustificate');
INSERT INTO "relations" ("relation", "name", "language", "translation", "comment") VALUES (305804, 'wikimedia_license_infos', 297479, 'wikimedia_licenza_info', 'Estra l''informazione dalla colonna nella tabella wikimedia per la licenza di utilizzo dei file');
INSERT INTO "relations" ("relation", "name", "language", "translation", "comment") VALUES (299116, 'delays_month_grp', 297479, 'ritardi_mese_grp', 'Mostra i ritardi per classe e viene usata una crossjoin per creare una lista di tutte le persone delle classi per ogni mese a zero per unire alle persone i ritardi della tabella in modo da avere tutti i ritardi del mese, anche quelli a zero. Altrimenti, guardando la tebella dei ritardi, non ci saranno');
INSERT INTO "relations" ("relation", "name", "language", "translation", "comment") VALUES (299079, 'leavings', 297479, 'uscite', 'Mostra le uscite di uno studente');
INSERT INTO "relations" ("relation", "name", "language", "translation", "comment") VALUES (299103, 'countries', 297479, 'nazioni', 'Contiene tutte le nazioni');
INSERT INTO "relations" ("relation", "name", "language", "translation", "comment") VALUES (299168, 'leavings_grp', 297479, 'uscite_grp', 'Mostra tutte le uscite di uno studente o classe');
INSERT INTO "relations" ("relation", "name", "language", "translation", "comment") VALUES (299173, 'residence_grp_city', 297479, 'residenza_grp_comune', 'Mostra tutti i comuni');
INSERT INTO "relations" ("relation", "name", "language", "translation", "comment") VALUES (299177, 'valutations_ex_references', 297479, 'valutazioni_ex_riferimenti', 'Mostra ogni riferimento per valutazione');
INSERT INTO "relations" ("relation", "name", "language", "translation", "comment") VALUES (299172, 'classrooms_students_addresses_ex', 297479, 'classi_alunni_indirizzi_ex', 'Visualizza gli indirizzi degli studenti');
INSERT INTO "relations" ("relation", "name", "language", "translation", "comment") VALUES (299174, 'classrooms_teachers', 297479, 'classi_docenti', 'Visualizza tutti gli insegnanti con le loro classi');
INSERT INTO "relations" ("relation", "name", "language", "translation", "comment") VALUES (299176, 'out_of_classrooms_certified_grp', 297479, 'fuori_classi_certificati_grp', 'Indica tutti gli studenti che non saranno presenti in uno specifico giorno per motivi particolari già controllati');
INSERT INTO "relations" ("relation", "name", "language", "translation", "comment") VALUES (299169, 'delays', 297479, 'ritardi', 'Mostra i ritardi di uno studente');
INSERT INTO "relations" ("relation", "name", "language", "translation", "comment") VALUES (299180, 'grade_types', 297479, 'tipi_voto', 'Il tipo di voto, può essere Orale o Scritto per esempio');
INSERT INTO "relations" ("relation", "name", "language", "translation", "comment") VALUES (711860, 'wikimedia_files', 297479, 'wikimedia_files', 'Files da wikimedia commons');
INSERT INTO "relations" ("relation", "name", "language", "translation", "comment") VALUES (299162, 'branches', 297479, 'filiali', 'Contiene le filiali per ogni scuola');
INSERT INTO "relations" ("relation", "name", "language", "translation", "comment") VALUES (299171, 'faults', 297479, 'mancanze', 'Mostra le mancanze di uno studente');
INSERT INTO "relations" ("relation", "name", "language", "translation", "comment") VALUES (299084, 'grading_meetings_valutations_qua', 297479, 'scrutini_valutazioni_qualifiche', 'Mostra tutti gli scrutini, aperti o chiusi');
INSERT INTO "relations" ("relation", "name", "language", "translation", "comment") VALUES (299091, 'grades', 297479, 'voti', 'Per ogni metrica abbiamo i voti possibili');
INSERT INTO "relations" ("relation", "name", "language", "translation", "comment") VALUES (299095, 'regions', 297479, 'regionei', 'Contiene tutte le regioni italiane');
INSERT INTO "relations" ("relation", "name", "language", "translation", "comment") VALUES (299099, 'persons_addresses', 297479, 'personae_indirizzi', 'Contiene l''indirizzo di ogni persona');
INSERT INTO "relations" ("relation", "name", "language", "translation", "comment") VALUES (299100, 'communication_types', 297479, 'tipi_comunicazione', 'Mezzo di comunicazione della scuola per comunicare le notifiche ai parenti, non presente per ogni scuola perché richiede un costo aggiuntivo');
INSERT INTO "relations" ("relation", "name", "language", "translation", "comment") VALUES (299102, 'persons_roles', 297479, 'personae_ruoli', 'Contiene la lista di persone con i loro ruoli');
INSERT INTO "relations" ("relation", "name", "language", "translation", "comment") VALUES (299109, 'subjects', 297479, 'materie', 'Contiene le materie di ogni scuola');
INSERT INTO "relations" ("relation", "name", "language", "translation", "comment") VALUES (299133, 'valutations', 297479, 'valutazioni', 'Mostra tutte le valutazioni inserite dai professori');
INSERT INTO "relations" ("relation", "name", "language", "translation", "comment") VALUES (299156, 'persons_relations', 297479, 'personae_relazioni', 'Indicates the relations abount persons: tipically student(coloumn person) will have for relationship ''Parent''  the father (person_related_to) for indicates the mother will add a row with same values as said before but looking that this time to insert in coloumn person_related_to the code of person that identifies the mother');
INSERT INTO "relations" ("relation", "name", "language", "translation", "comment") VALUES (299098, 'topics', 297479, 'argomenti', 'Contiene gli oggetti per gli argomenti sulle valutazioni');
INSERT INTO "relations" ("relation", "name", "language", "translation", "comment") VALUES (299115, 'classrooms', 297479, 'classi', 'Contiene tutte le classi per ogni scuola');
INSERT INTO "relations" ("relation", "name", "language", "translation", "comment") VALUES (299158, 'parents_meetings', 297479, 'colloqui', 'In questa tabella vengono memorizzati tutti i periodi di disponibilità per i colloqui');
INSERT INTO "relations" ("relation", "name", "language", "translation", "comment") VALUES (299086, 'conversations_invites', 297479, 'conversazioni_invitati', 'Definisce i partecipanti ad una conversazione, le persone abilitate a guardare o partecipare a certe conversazioni');
INSERT INTO "relations" ("relation", "name", "language", "translation", "comment") VALUES (299145, 'signatures', 297479, 'firme', 'Contiene le firme per ogni insegnante');
INSERT INTO "relations" ("relation", "name", "language", "translation", "comment") VALUES (299147, 'explanations', 297479, 'giustificazioni', 'Contiene tutte le giustificazioni per assenze, ritardi e uscite.
Può essere fatto da un insegnante che compilerà la descrizione o da un parente');
INSERT INTO "relations" ("relation", "name", "language", "translation", "comment") VALUES (299165, 'districts', 297479, 'provincie', 'Contiene tutte le provincie italiane');
INSERT INTO "relations" ("relation", "name", "language", "translation", "comment") VALUES (711858, 'weekly_timetables', 297479, 'orario_settimanale', 'Contiene l''orario settimanale della classe');
INSERT INTO "relations" ("relation", "name", "language", "translation", "comment") VALUES (711859, 'holidays', 297479, 'vacanze', 'Contiene tutte le vacanze per scuola');
INSERT INTO "relations" ("relation", "name", "language", "translation", "comment") VALUES (305950, 'usenames_ex', 297479, 'usename_ex', 'Aggiunge informazioni all''usename nella tabella di sistema utile solo per scuola247');
INSERT INTO "relations" ("relation", "name", "language", "translation", "comment") VALUES (711864, 'qualifications_plan', 297479, 'piano_qualifiche', 'Contiene le connessioni riguardo il piano informativo(sezione, materia, anno) e qualificazioni.
Esso è necessario nella fase di valutazione per presentare le qualifiche ai parenti riguardo le valutazioni');
INSERT INTO "relations" ("relation", "name", "language", "translation", "comment") VALUES (711861, 'wikimedia_files_persons', 297479, 'wikimedia_files_persone', 'File da wikimedia commons per persona');
INSERT INTO "relations" ("relation", "name", "language", "translation", "comment") VALUES (711862, 'valutations_qualifications', 297479, 'valutazioni_qualifiche', 'Per ogni valutazione inserita nella tabella è possibile connettere una qualifica presente in questa tabella');
INSERT INTO "relations" ("relation", "name", "language", "translation", "comment") VALUES (299121, 'teachears_notes', 297479, 'nota_docentis', 'Ha la stessa funzione della tabella per le note ma per il registro dei professori.L''unica differenza è che non è necessario replicare la colonna ''disciplinare'' anche perché le note disciplinari possono essere fatte solo nel registro di classe a meno che quest''ultime non sono per uso privato dei professori');
INSERT INTO "relations" ("relation", "name", "language", "translation", "comment") VALUES (711863, 'qualifications', 297479, 'qualifiche', 'Descrive per ogni scuola le conoscenze, competenze e abilità');
INSERT INTO "relations" ("relation", "name", "language", "translation", "comment") VALUES (153, 'usenames_schools', 297479, NULL, 'record schools accessible to the user');
INSERT INTO "relations" ("relation", "name", "language", "translation", "comment") VALUES (299157, 'schools', 297479, 'istituti', 'Un istituzione per la istruzione dei bambini o ragazzi sotto l''età per il college');


ALTER TABLE "relations" ENABLE TRIGGER ALL;

--
-- Data for Name: columns; Type: TABLE DATA; Schema: translate; Owner: postgres
--

ALTER TABLE "columns" DISABLE TRIGGER ALL;

INSERT INTO "columns" ("column", "relation", "position", "name", "language", "translation", "comment") VALUES (299999, 299117, 2, 'student', 297479, 'alunno', 'Studente con le assenze non giustificate');
INSERT INTO "columns" ("column", "relation", "position", "name", "language", "translation", "comment") VALUES (300018, 299153, 2, 'student', 297479, 'alunno', 'Studente con questo ritardo');
INSERT INTO "columns" ("column", "relation", "position", "name", "language", "translation", "comment") VALUES (300000, 299117, 3, 'absences', 297479, 'assenze', 'Tutte le assenze');
INSERT INTO "columns" ("column", "relation", "position", "name", "language", "translation", "comment") VALUES (300022, 299083, 3, 'delays', 297479, 'ritardi', 'Lista di ritardi non giustificati');
INSERT INTO "columns" ("column", "relation", "position", "name", "language", "translation", "comment") VALUES (300080, 299105, 5, 'name', 297479, 'nome', 'Nome dello studente');
INSERT INTO "columns" ("column", "relation", "position", "name", "language", "translation", "comment") VALUES (300051, 299146, 2, 'school_operator', 297479, 'addetto_scolastico', 'Addetto scolastico con studenti fuori dalla classe');
INSERT INTO "columns" ("column", "relation", "position", "name", "language", "translation", "comment") VALUES (300021, 299083, 2, 'student', 297479, 'alunno', 'Studente con ritardi non giustificati');
INSERT INTO "columns" ("column", "relation", "position", "name", "language", "translation", "comment") VALUES (300086, 299105, 11, 'absences_not_explained', 297479, 'assenze_non_giustificate', 'Assenze non giustificate');
INSERT INTO "columns" ("column", "relation", "position", "name", "language", "translation", "comment") VALUES (300034, 299167, 1, 'classroom', 297479, 'classe', 'Classe dello studente che ha fatto l''uscita');
INSERT INTO "columns" ("column", "relation", "position", "name", "language", "translation", "comment") VALUES (300058, 299126, 1, 'classroom', 297479, 'classe', 'Classe delle persone fuori dalla classe');
INSERT INTO "columns" ("column", "relation", "position", "name", "language", "translation", "comment") VALUES (300076, 299105, 1, 'classroom', 297479, 'classe', 'Classe dello studente');
INSERT INTO "columns" ("column", "relation", "position", "name", "language", "translation", "comment") VALUES (711882, 299115, 7, 'branch', 297479, 'filiale', 'Indirizzo della classe');
INSERT INTO "columns" ("column", "relation", "position", "name", "language", "translation", "comment") VALUES (300294, 299103, 1, 'country', 297479, 'nazione', 'Codice identificativo univoco della riga');
INSERT INTO "columns" ("column", "relation", "position", "name", "language", "translation", "comment") VALUES (300154, 299147, 4, 'created_on', 297479, 'creata_il', 'Data della creazione della giustifica');
INSERT INTO "columns" ("column", "relation", "position", "name", "language", "translation", "comment") VALUES (300112, 299097, 5, 'school_year_description', 297479, 'anno_scolastico_descrizione', 'Descrizione dell''anno scolastico');
INSERT INTO "columns" ("column", "relation", "position", "name", "language", "translation", "comment") VALUES (300153, 299147, 3, 'description', 297479, 'descrizione', 'Descrizione della giustificazione');
INSERT INTO "columns" ("column", "relation", "position", "name", "language", "translation", "comment") VALUES (300111, 299097, 4, 'school_year', 297479, 'anno_scolastico', 'Anno scolastico del professore');
INSERT INTO "columns" ("column", "relation", "position", "name", "language", "translation", "comment") VALUES (300212, 299172, 6, 'sex', 297479, 'sesso', 'Sesso dello studente');
INSERT INTO "columns" ("column", "relation", "position", "name", "language", "translation", "comment") VALUES (300208, 299172, 2, 'student', 297479, 'alunno', 'Studente con questo indirizzo');
INSERT INTO "columns" ("column", "relation", "position", "name", "language", "translation", "comment") VALUES (300562, 299118, 19, 'privato', 297479, 'privato', 'Controllo se la valutazione è privata per il professore');
INSERT INTO "columns" ("column", "relation", "position", "name", "language", "translation", "comment") VALUES (300590, 299159, 1, 'classroom', 297479, 'classe', 'Classe con queste valutazioni');
INSERT INTO "columns" ("column", "relation", "position", "name", "language", "translation", "comment") VALUES (300201, 299099, 1, 'person_address', 297479, 'personaa_indirizzo', 'Codice identificativo univoco della riga');
INSERT INTO "columns" ("column", "relation", "position", "name", "language", "translation", "comment") VALUES (300550, 299118, 7, 'surname', 297479, 'cognome', 'Cognome');
INSERT INTO "columns" ("column", "relation", "position", "name", "language", "translation", "comment") VALUES (300170, 299135, 8, 'student_surname', 297479, 'alunno_cognome', 'Cognome dello studente');
INSERT INTO "columns" ("column", "relation", "position", "name", "language", "translation", "comment") VALUES (300172, 299135, 10, 'student_tax_code', 297479, 'alunno_codice_fiscale', 'Codice fiscale dello studente');
INSERT INTO "columns" ("column", "relation", "position", "name", "language", "translation", "comment") VALUES (300179, 299135, 17, 'registered_on_surname', 297479, 'registrata_il_cognome', 'Cognome di chi ha creato l''assenza');
INSERT INTO "columns" ("column", "relation", "position", "name", "language", "translation", "comment") VALUES (300234, 299154, 2, 'teacher', 297479, 'docente', 'Insegnante che ha giustificato questi ritardi');
INSERT INTO "columns" ("column", "relation", "position", "name", "language", "translation", "comment") VALUES (300184, 299134, 3, 'absences', 297479, 'assenze', 'Le assenze del mese');
INSERT INTO "columns" ("column", "relation", "position", "name", "language", "translation", "comment") VALUES (300203, 299099, 3, 'address_type', 297479, 'tipo_indirizzo', 'Il tipo d''indirizzo della persona');
INSERT INTO "columns" ("column", "relation", "position", "name", "language", "translation", "comment") VALUES (300213, 299172, 7, 'born', 297479, 'nato', 'Luogo di nascita dello studente');
INSERT INTO "columns" ("column", "relation", "position", "name", "language", "translation", "comment") VALUES (300219, 299172, 13, 'absences', 297479, 'assenze', 'Le assenze dello studente');
INSERT INTO "columns" ("column", "relation", "position", "name", "language", "translation", "comment") VALUES (300198, 299080, 2, 'classroom', 297479, 'classe', 'Classe per questo registro');
INSERT INTO "columns" ("column", "relation", "position", "name", "language", "translation", "comment") VALUES (300233, 299154, 1, 'classroom', 297479, 'classe', 'Classe con questi ritardi giustificati');
INSERT INTO "columns" ("column", "relation", "position", "name", "language", "translation", "comment") VALUES (300217, 299172, 11, 'city', 297479, 'comune', 'Comune dello studente');
INSERT INTO "columns" ("column", "relation", "position", "name", "language", "translation", "comment") VALUES (300188, 299077, 1, 'classroom', 297479, 'classe', 'Classe dello studente che ha fatto l''uscita');
INSERT INTO "columns" ("column", "relation", "position", "name", "language", "translation", "comment") VALUES (300231, 299174, 1, 'classroom', 297479, 'classe', 'Classe dell''insegnante');
INSERT INTO "columns" ("column", "relation", "position", "name", "language", "translation", "comment") VALUES (300236, 299106, 1, 'classroom', 297479, 'classe', 'Classe con queste uscite giustificate');
INSERT INTO "columns" ("column", "relation", "position", "name", "language", "translation", "comment") VALUES (300207, 299172, 1, 'classroom', 297479, 'classe', 'Classe dello studente');
INSERT INTO "columns" ("column", "relation", "position", "name", "language", "translation", "comment") VALUES (300194, 299101, 1, 'classroom', 297479, 'classe', 'Classe delle persone fuori dalla classe');
INSERT INTO "columns" ("column", "relation", "position", "name", "language", "translation", "comment") VALUES (300278, 299100, 4, 'school', 297479, 'istituto', 'Scuola con questi tipi di comunicazione');
INSERT INTO "columns" ("column", "relation", "position", "name", "language", "translation", "comment") VALUES (300266, 299076, 11, 'signatures', 297479, 'firme', 'Firme per gli insegnanti');
INSERT INTO "columns" ("column", "relation", "position", "name", "language", "translation", "comment") VALUES (300274, 299132, 3, 'subject', 297479, 'materia', 'Materia dell''insegnante');
INSERT INTO "columns" ("column", "relation", "position", "name", "language", "translation", "comment") VALUES (300292, 299086, 2, 'conversation', 297479, 'conversazione', 'Conversazione con questi inviti');
INSERT INTO "columns" ("column", "relation", "position", "name", "language", "translation", "comment") VALUES (300540, 299098, 4, 'course_year', 297479, 'anno_corso', 'Anno scolastico con questi argomenti');
INSERT INTO "columns" ("column", "relation", "position", "name", "language", "translation", "comment") VALUES (300541, 299098, 5, 'degree', 297479, 'indirizzo_scolastico', 'Indirizzo scolastico dell''argomento');
INSERT INTO "columns" ("column", "relation", "position", "name", "language", "translation", "comment") VALUES (300539, 299098, 3, 'description', 297479, 'descrizione', 'Descrizione dell''argomento');
INSERT INTO "columns" ("column", "relation", "position", "name", "language", "translation", "comment") VALUES (300199, 299080, 3, 'month', 297479, 'mese', 'Mese');
INSERT INTO "columns" ("column", "relation", "position", "name", "language", "translation", "comment") VALUES (300192, 299127, 2, 'month', 297479, 'mese', 'Mese con queste note');
INSERT INTO "columns" ("column", "relation", "position", "name", "language", "translation", "comment") VALUES (300204, 299099, 4, 'street', 297479, 'via', 'La via');
INSERT INTO "columns" ("column", "relation", "position", "name", "language", "translation", "comment") VALUES (300082, 299105, 7, 'sex', 297479, 'sesso', 'Sesso dello studente');
INSERT INTO "columns" ("column", "relation", "position", "name", "language", "translation", "comment") VALUES (300077, 299105, 2, 'student', 297479, 'alunno', 'Lo studente di una classe');
INSERT INTO "columns" ("column", "relation", "position", "name", "language", "translation", "comment") VALUES (300446, 299148, 7, 'school_operator_surname', 297479, 'addetto_scolastico_cognome', 'Cognome dell''addetto scolastico');
INSERT INTO "columns" ("column", "relation", "position", "name", "language", "translation", "comment") VALUES (300081, 299105, 6, 'surname', 297479, 'cognome', 'Cognome dello studente');
INSERT INTO "columns" ("column", "relation", "position", "name", "language", "translation", "comment") VALUES (300257, 299076, 2, 'teacher', 297479, 'docente', 'L''insegnante per la classe');
INSERT INTO "columns" ("column", "relation", "position", "name", "language", "translation", "comment") VALUES (300546, 299118, 3, 'teacher', 297479, 'docente', 'Insegnante che ha dato tale valutazione');
INSERT INTO "columns" ("column", "relation", "position", "name", "language", "translation", "comment") VALUES (300309, 299130, 4, 'teacher_thumbnail', 297479, 'docente_foto_miniatura', 'Miniatura dell''insegnante');
INSERT INTO "columns" ("column", "relation", "position", "name", "language", "translation", "comment") VALUES (300254, 299164, 2, 'teacher', 297479, 'docente', 'Insegnante con questa firma');
INSERT INTO "columns" ("column", "relation", "position", "name", "language", "translation", "comment") VALUES (300078, 299105, 3, 'thumbnail', 297479, 'foto_miniatura', 'Miniatura dello studente');
INSERT INTO "columns" ("column", "relation", "position", "name", "language", "translation", "comment") VALUES (300139, 299094, 2, 'weekly_timetable', 297479, 'orario_settimanale', 'Orario settimanale');
INSERT INTO "columns" ("column", "relation", "position", "name", "language", "translation", "comment") VALUES (300205, 299099, 5, 'zip_code', 297479, 'cap', 'Codice postale');
INSERT INTO "columns" ("column", "relation", "position", "name", "language", "translation", "comment") VALUES (300019, 299153, 3, 'delays', 297479, 'ritardi', 'Codice identificativo univoco della riga');
INSERT INTO "columns" ("column", "relation", "position", "name", "language", "translation", "comment") VALUES (300083, 299105, 8, 'born', 297479, 'nato', 'Data di nascita dello studente');
INSERT INTO "columns" ("column", "relation", "position", "name", "language", "translation", "comment") VALUES (300307, 299130, 2, 'on_date', 297479, 'giorno', 'Data per indicare quando sono stati fatti i ritardi');
INSERT INTO "columns" ("column", "relation", "position", "name", "language", "translation", "comment") VALUES (300240, 299090, 2, 'teacher', 297479, 'docente', 'Insegnante con queste lezioni');
INSERT INTO "columns" ("column", "relation", "position", "name", "language", "translation", "comment") VALUES (300272, 299132, 1, 'classroom', 297479, 'classe', 'Classe');
INSERT INTO "columns" ("column", "relation", "position", "name", "language", "translation", "comment") VALUES (300253, 299164, 1, 'classroom', 297479, 'classe', 'Classe con queste firme');
INSERT INTO "columns" ("column", "relation", "position", "name", "language", "translation", "comment") VALUES (300249, 299145, 2, 'classroom', 297479, 'classe', 'Classe dello studente');
INSERT INTO "columns" ("column", "relation", "position", "name", "language", "translation", "comment") VALUES (300345, 299091, 5, 'mnemonic', 297479, 'mnemonico', 'Un memonico per il voto');
INSERT INTO "columns" ("column", "relation", "position", "name", "language", "translation", "comment") VALUES (300319, 299130, 14, 'created_by_surname', 297479, 'creata_da_cognome', 'Cognome di chi ha creato il ritardo');
INSERT INTO "columns" ("column", "relation", "position", "name", "language", "translation", "comment") VALUES (300371, 299125, 2, 'on_date', 297479, 'giorno', 'Giorno di uscita');
INSERT INTO "columns" ("column", "relation", "position", "name", "language", "translation", "comment") VALUES (300331, 299171, 3, 'description', 297479, 'descrizione', 'Descrizione delle mancanze');
INSERT INTO "columns" ("column", "relation", "position", "name", "language", "translation", "comment") VALUES (300381, 299125, 12, 'explanation_description', 297479, 'giustificazione_descrizione', 'Descrizione della giustificazione');
INSERT INTO "columns" ("column", "relation", "position", "name", "language", "translation", "comment") VALUES (300342, 299091, 2, 'metric', 297479, 'metrica', 'Metrica per i voti');
INSERT INTO "columns" ("column", "relation", "position", "name", "language", "translation", "comment") VALUES (300320, 299130, 15, 'created_by_name', 297479, 'creata_da_nome', 'Nome di chi ha creato questo ritardo');
INSERT INTO "columns" ("column", "relation", "position", "name", "language", "translation", "comment") VALUES (300333, 299171, 5, 'note', 297479, 'nota', 'Nota per la mancanza dello studente');
INSERT INTO "columns" ("column", "relation", "position", "name", "language", "translation", "comment") VALUES (300335, 299087, 2, 'student', 297479, 'alunno', 'Visualizza tutte le mancanze dello studente');
INSERT INTO "columns" ("column", "relation", "position", "name", "language", "translation", "comment") VALUES (300314, 299130, 9, 'student_surname', 297479, 'alunno_cognome', 'Cognome studente con questi ritardi');
INSERT INTO "columns" ("column", "relation", "position", "name", "language", "translation", "comment") VALUES (300375, 299125, 6, 'teacher_name', 297479, 'docente_nome', 'Nome insegnante per la firma');
INSERT INTO "columns" ("column", "relation", "position", "name", "language", "translation", "comment") VALUES (300370, 299125, 1, 'classroom', 297479, 'classe', 'Classe per le uscite');
INSERT INTO "columns" ("column", "relation", "position", "name", "language", "translation", "comment") VALUES (300341, 299091, 1, 'grade', 297479, 'voto', 'Codice identificativo univoco della riga');
INSERT INTO "columns" ("column", "relation", "position", "name", "language", "translation", "comment") VALUES (300420, 299131, 6, 'disciplinary', 297479, 'disciplinare', 'Controllo se la nota è disciplinare');
INSERT INTO "columns" ("column", "relation", "position", "name", "language", "translation", "comment") VALUES (300421, 299131, 7, 'to_approve', 297479, 'da_vistare', 'Controllo se la nota è ancora da approvare');
INSERT INTO "columns" ("column", "relation", "position", "name", "language", "translation", "comment") VALUES (300392, 299104, 1, 'classroom', 297479, 'classe', 'Classe che ha fatto lezione');
INSERT INTO "columns" ("column", "relation", "position", "name", "language", "translation", "comment") VALUES (300390, 299161, 1, 'classroom', 297479, 'classe', 'Classe con questi giorni di lezione');
INSERT INTO "columns" ("column", "relation", "position", "name", "language", "translation", "comment") VALUES (300417, 299131, 3, 'at_time', 297479, 'ora', 'Data della nota');
INSERT INTO "columns" ("column", "relation", "position", "name", "language", "translation", "comment") VALUES (300443, 299148, 4, 'to_time', 297479, 'alle', 'Data di ritorno per le persone fuori classe');
INSERT INTO "columns" ("column", "relation", "position", "name", "language", "translation", "comment") VALUES (300435, 299151, 2, 'visto_il', 297479, 'visto_il', 'Data della presa visione della nota');
INSERT INTO "columns" ("column", "relation", "position", "name", "language", "translation", "comment") VALUES (300419, 299131, 5, 'description', 297479, 'descrizione', 'Descrizione delle note');
INSERT INTO "columns" ("column", "relation", "position", "name", "language", "translation", "comment") VALUES (305830, 305804, 2, 'license_number', 297479, 'licenza_numero', 'Numero di licenza da wikimedia');
INSERT INTO "columns" ("column", "relation", "position", "name", "language", "translation", "comment") VALUES (300397, 299104, 6, 'name', 297479, 'nome', 'Nome della lezione');
INSERT INTO "columns" ("column", "relation", "position", "name", "language", "translation", "comment") VALUES (300428, 299131, 14, 'student_name', 297479, 'alunno_nome', 'Nome dello studente');
INSERT INTO "columns" ("column", "relation", "position", "name", "language", "translation", "comment") VALUES (300396, 299104, 5, 'surname', 297479, 'cognome', 'Cognome della persona con queste lezioni');
INSERT INTO "columns" ("column", "relation", "position", "name", "language", "translation", "comment") VALUES (300329, 299171, 1, 'fault', 297479, 'mancanza', 'Codice identificativo univoco della riga');
INSERT INTO "columns" ("column", "relation", "position", "name", "language", "translation", "comment") VALUES (300338, 299180, 2, 'description', 297479, 'descrizione', 'Descrizione');
INSERT INTO "columns" ("column", "relation", "position", "name", "language", "translation", "comment") VALUES (300343, 299091, 3, 'description', 297479, 'descrizione', 'Descrizione per i voti');
INSERT INTO "columns" ("column", "relation", "position", "name", "language", "translation", "comment") VALUES (300400, 299104, 9, 'lesson_description', 297479, 'lezione_descrizione', 'Descrizione della lezione');
INSERT INTO "columns" ("column", "relation", "position", "name", "language", "translation", "comment") VALUES (300364, 299084, 4, 'grade', 297479, 'voto', 'Voto finale del consiglio');
INSERT INTO "columns" ("column", "relation", "position", "name", "language", "translation", "comment") VALUES (300362, 299084, 2, 'grading_meeting_valutation', 297479, 'scrutinio_valutazione', 'Valutazione del consiglio');
INSERT INTO "columns" ("column", "relation", "position", "name", "language", "translation", "comment") VALUES (300332, 299171, 4, 'lesson', 297479, 'lezione', 'Le lezioni con queste mancanze');
INSERT INTO "columns" ("column", "relation", "position", "name", "language", "translation", "comment") VALUES (305831, 305804, 3, 'license', 297479, 'licenza', 'Licenza da wikimedia');
INSERT INTO "columns" ("column", "relation", "position", "name", "language", "translation", "comment") VALUES (305829, 305804, 1, 'name', 297479, 'nome', 'Nome licenza da wikimedia');
INSERT INTO "columns" ("column", "relation", "position", "name", "language", "translation", "comment") VALUES (300340, 299180, 4, 'mnemonic', 297479, 'mnemonico', 'Memonico per il tipo di voto');
INSERT INTO "columns" ("column", "relation", "position", "name", "language", "translation", "comment") VALUES (300311, 299130, 6, 'teacher_name', 297479, 'docente_nome', 'Nome dell''insegnante');
INSERT INTO "columns" ("column", "relation", "position", "name", "language", "translation", "comment") VALUES (300384, 299125, 15, 'created_by_name', 297479, 'creata_da_nome', 'Nome di chi ha creato l''uscita');
INSERT INTO "columns" ("column", "relation", "position", "name", "language", "translation", "comment") VALUES (300365, 299084, 5, 'notes', 297479, 'nota', 'Note del consiglio di classe');
INSERT INTO "columns" ("column", "relation", "position", "name", "language", "translation", "comment") VALUES (305833, 305804, 5, 'source', 297479, 'sorgente', 'Sorgente da wikimedia file');
INSERT INTO "columns" ("column", "relation", "position", "name", "language", "translation", "comment") VALUES (300363, 299084, 3, 'qualification', 297479, 'qualifica', 'Qualifica per il consiglio di classe');
INSERT INTO "columns" ("column", "relation", "position", "name", "language", "translation", "comment") VALUES (300330, 299171, 2, 'student', 297479, 'alunno', 'Studente con queste mancanze');
INSERT INTO "columns" ("column", "relation", "position", "name", "language", "translation", "comment") VALUES (300339, 299180, 3, 'subject', 297479, 'materia', 'Materia con questi tipi di voti');
INSERT INTO "columns" ("column", "relation", "position", "name", "language", "translation", "comment") VALUES (300378, 299125, 9, 'student_surname', 297479, 'alunno_cognome', 'Cognome dello studente');
INSERT INTO "columns" ("column", "relation", "position", "name", "language", "translation", "comment") VALUES (300374, 299125, 5, 'teacher_surname', 297479, 'docente_cognome', 'Cognome dell''insegnante');
INSERT INTO "columns" ("column", "relation", "position", "name", "language", "translation", "comment") VALUES (300383, 299125, 14, 'created_by_surname', 297479, 'creata_da_cognome', 'Cognome di chi ha creato questa uscita');
INSERT INTO "columns" ("column", "relation", "position", "name", "language", "translation", "comment") VALUES (300376, 299125, 7, 'teacher_tax_code', 297479, 'docente_codice_fiscale', 'Codice fiscale dell''insegnante');
INSERT INTO "columns" ("column", "relation", "position", "name", "language", "translation", "comment") VALUES (300424, 299131, 10, 'teacher_name', 297479, 'docente_nome', 'Nome insegnante');
INSERT INTO "columns" ("column", "relation", "position", "name", "language", "translation", "comment") VALUES (300310, 299130, 5, 'teacher_surname', 297479, 'docente_cognome', 'Cognome dell''insegnante');
INSERT INTO "columns" ("column", "relation", "position", "name", "language", "translation", "comment") VALUES (300312, 299130, 7, 'teacher_tax_code', 297479, 'docente_codice_fiscale', 'Codice fiscale dell''insegnante');
INSERT INTO "columns" ("column", "relation", "position", "name", "language", "translation", "comment") VALUES (300373, 299125, 4, 'teacher_thumbnail', 297479, 'docente_foto_miniatura', 'Miniatura dell''insegnante');
INSERT INTO "columns" ("column", "relation", "position", "name", "language", "translation", "comment") VALUES (300422, 299131, 8, 'teacher_thumbnail', 297479, 'docente_foto_miniatura', 'Miniatura dell''insegnante');
INSERT INTO "columns" ("column", "relation", "position", "name", "language", "translation", "comment") VALUES (300313, 299130, 8, 'student_thumbnail', 297479, 'alunno_foto_miniatura', 'Miniatura dello studente');
INSERT INTO "columns" ("column", "relation", "position", "name", "language", "translation", "comment") VALUES (300361, 299084, 1, 'grading_meeting_valutation_qua', 297479, 'scrutinio_valutazione_qualifica', 'Valutazione per lo scrutinio');
INSERT INTO "columns" ("column", "relation", "position", "name", "language", "translation", "comment") VALUES (300399, 299104, 8, 'thumbnail', 297479, 'foto_miniatura', 'Miniatura per la lezione');
INSERT INTO "columns" ("column", "relation", "position", "name", "language", "translation", "comment") VALUES (300377, 299125, 8, 'student_thumbnail', 297479, 'alunno_foto_miniatura', 'Miniatura dello studente');
INSERT INTO "columns" ("column", "relation", "position", "name", "language", "translation", "comment") VALUES (300337, 299180, 1, 'grade_type', 297479, 'tipo_voto', 'Codice identificativo univoco della riga');
INSERT INTO "columns" ("column", "relation", "position", "name", "language", "translation", "comment") VALUES (300418, 299131, 4, 'note', 297479, 'nota', 'Codice identificativo univoco della riga');
INSERT INTO "columns" ("column", "relation", "position", "name", "language", "translation", "comment") VALUES (300416, 299131, 2, 'on_date', 297479, 'giorno', 'Quando la nota è stata inserita');
INSERT INTO "columns" ("column", "relation", "position", "name", "language", "translation", "comment") VALUES (300427, 299131, 13, 'student_surname', 297479, 'alunno_cognome', 'Cognome dello studente');
INSERT INTO "columns" ("column", "relation", "position", "name", "language", "translation", "comment") VALUES (300423, 299131, 9, 'teacher_surname', 297479, 'docente_cognome', 'Cognome dell''insegnante');
INSERT INTO "columns" ("column", "relation", "position", "name", "language", "translation", "comment") VALUES (300425, 299131, 11, 'teacher_tax_code', 297479, 'docente_codice_fiscale', 'Codice fiscale dell''insegnante');
INSERT INTO "columns" ("column", "relation", "position", "name", "language", "translation", "comment") VALUES (305832, 305804, 4, 'author', 297479, 'autore', 'Autore da wikimedia');
INSERT INTO "columns" ("column", "relation", "position", "name", "language", "translation", "comment") VALUES (300440, 299148, 1, 'classroom', 297479, 'classe', 'Classe dello studente fuori dalla classe');
INSERT INTO "columns" ("column", "relation", "position", "name", "language", "translation", "comment") VALUES (82, 299113, 2, 'teacher', 297479, 'docente', 'Insegnante con questa classe');
INSERT INTO "columns" ("column", "relation", "position", "name", "language", "translation", "comment") VALUES (83, 299113, 3, 'notes_iussed', 297479, 'nota_emesse', 'Codice identificativo univoco per riga');
INSERT INTO "columns" ("column", "relation", "position", "name", "language", "translation", "comment") VALUES (78, 299134, 1, 'classroom', 297479, 'classe', 'Classe per le assenze del mese');
INSERT INTO "columns" ("column", "relation", "position", "name", "language", "translation", "comment") VALUES (80, 299080, 4, 'numero', 297479, 'numero', 'Numero del mese');
INSERT INTO "columns" ("column", "relation", "position", "name", "language", "translation", "comment") VALUES (300085, 299105, 10, 'absences', 297479, 'assenze', 'Assenze degli studenti della classe');
INSERT INTO "columns" ("column", "relation", "position", "name", "language", "translation", "comment") VALUES (300048, 299141, 3, 'notes', 297479, 'nota', 'Tutte le note');
INSERT INTO "columns" ("column", "relation", "position", "name", "language", "translation", "comment") VALUES (300054, 299146, 5, 'from_time', 297479, 'dalle', 'Orario di uscita');
INSERT INTO "columns" ("column", "relation", "position", "name", "language", "translation", "comment") VALUES (300088, 299105, 13, 'delays_not_explained', 297479, 'ritardi_non_giustificate', 'Ritardi non giustificati dello studente');
INSERT INTO "columns" ("column", "relation", "position", "name", "language", "translation", "comment") VALUES (300087, 299105, 12, 'delays', 297479, 'ritardi', 'Ritardi dello studente');
INSERT INTO "columns" ("column", "relation", "position", "name", "language", "translation", "comment") VALUES (300026, 299079, 3, 'explanation', 297479, 'giustificazione', 'Giustificazione per le uscite');
INSERT INTO "columns" ("column", "relation", "position", "name", "language", "translation", "comment") VALUES (79, 299080, 1, 'evento', 297479, 'evento', 'Evento registrato');
INSERT INTO "columns" ("column", "relation", "position", "name", "language", "translation", "comment") VALUES (300575, 299177, 1, 'classroom', 297479, 'classe', 'Classe con questi riferimenti alle valutazioni');
INSERT INTO "columns" ("column", "relation", "position", "name", "language", "translation", "comment") VALUES (300552, 299118, 9, 'on_date', 297479, 'giorno', 'Data di inserimento delle valutazioni');
INSERT INTO "columns" ("column", "relation", "position", "name", "language", "translation", "comment") VALUES (300559, 299118, 16, 'grade', 297479, 'voto', 'Voti per le valutazioni');
INSERT INTO "columns" ("column", "relation", "position", "name", "language", "translation", "comment") VALUES (300557, 299118, 14, 'metric', 297479, 'metrica', 'Metrica per i voti');
INSERT INTO "columns" ("column", "relation", "position", "name", "language", "translation", "comment") VALUES (300579, 299177, 5, 'name', 297479, 'nome', 'Nome per le valutazioni');
INSERT INTO "columns" ("column", "relation", "position", "name", "language", "translation", "comment") VALUES (300549, 299118, 6, 'student', 297479, 'alunno', 'Studente con questa valutazione');
INSERT INTO "columns" ("column", "relation", "position", "name", "language", "translation", "comment") VALUES (300538, 299098, 2, 'subject', 297479, 'materia', 'Materia dell''argomento');
INSERT INTO "columns" ("column", "relation", "position", "name", "language", "translation", "comment") VALUES (300547, 299118, 4, 'subject', 297479, 'materia', 'Materia per le valutazioni');
INSERT INTO "columns" ("column", "relation", "position", "name", "language", "translation", "comment") VALUES (300592, 299159, 3, 'subject', 297479, 'materia', 'Materia per le statistiche delle valutazioni');
INSERT INTO "columns" ("column", "relation", "position", "name", "language", "translation", "comment") VALUES (81, 299113, 1, 'classroom', 297479, 'classe', 'Classe con queste uscite nel mese');
INSERT INTO "columns" ("column", "relation", "position", "name", "language", "translation", "comment") VALUES (85, 299100, 1, 'communication_type', 297479, 'tipo_comunicazione', 'Codice identificativo univoco per riga');
INSERT INTO "columns" ("column", "relation", "position", "name", "language", "translation", "comment") VALUES (84, 299176, 1, 'classroom', 297479, 'classe', 'Classe dei certificati per stare fuori classe');
INSERT INTO "columns" ("column", "relation", "position", "name", "language", "translation", "comment") VALUES (711872, 711859, 4, 'description', 297479, 'descrizione', 'Descrizione delle vacanze');
INSERT INTO "columns" ("column", "relation", "position", "name", "language", "translation", "comment") VALUES (711880, 711861, 2, 'wikimedia_file', 297479, 'wikimedia_file', 'File da wikimedia');
INSERT INTO "columns" ("column", "relation", "position", "name", "language", "translation", "comment") VALUES (300630, 299081, 11, 'max', 297479, 'max', 'Indica le statistiche massime per materia di una classe');
INSERT INTO "columns" ("column", "relation", "position", "name", "language", "translation", "comment") VALUES (300622, 299081, 3, 'school_year', 297479, 'anno_scolastico', 'Anno scolastico con queste valutazioni');
INSERT INTO "columns" ("column", "relation", "position", "name", "language", "translation", "comment") VALUES (300624, 299081, 5, 'section', 297479, 'sezione', 'Sezione dello studente con questi voti');
INSERT INTO "columns" ("column", "relation", "position", "name", "language", "translation", "comment") VALUES (711871, 711859, 3, 'on_date', 297479, 'in_data', 'Inizio delle vacanze');
INSERT INTO "columns" ("column", "relation", "position", "name", "language", "translation", "comment") VALUES (300046, 299141, 1, 'classroom', 297479, 'classe', 'Classe con queste note');
INSERT INTO "columns" ("column", "relation", "position", "name", "language", "translation", "comment") VALUES (300415, 299131, 1, 'classroom', 297479, 'classe', 'Classe con queste note');
INSERT INTO "columns" ("column", "relation", "position", "name", "language", "translation", "comment") VALUES (300545, 299118, 2, 'classroom', 297479, 'classe', 'Classe con questi voti');
INSERT INTO "columns" ("column", "relation", "position", "name", "language", "translation", "comment") VALUES (300382, 299125, 13, 'explanation_created_on', 297479, 'giustificazione_creata_il', 'Data che indica quando la giustifica è stata creata');
INSERT INTO "columns" ("column", "relation", "position", "name", "language", "translation", "comment") VALUES (711867, 711858, 2, 'classroom', 297479, 'classe', 'Classe con questo orario settimanale');
INSERT INTO "columns" ("column", "relation", "position", "name", "language", "translation", "comment") VALUES (300444, 299148, 5, 'description', 297479, 'descrizione', 'Descrizione per le persone fuori dalla classe');
INSERT INTO "columns" ("column", "relation", "position", "name", "language", "translation", "comment") VALUES (711868, 711858, 3, 'description', 297479, 'descrizione', 'Descrizione dell''orario settimanale');
INSERT INTO "columns" ("column", "relation", "position", "name", "language", "translation", "comment") VALUES (300084, 299105, 9, 'city_of_birth_description', 297479, 'comune_nascita_descrizione', 'Descrizione del comune di nascita');
INSERT INTO "columns" ("column", "relation", "position", "name", "language", "translation", "comment") VALUES (711893, 711863, 5, 'metric', 297479, 'metrico', 'Metrica usata per le qualifiche');
INSERT INTO "columns" ("column", "relation", "position", "name", "language", "translation", "comment") VALUES (305951, 299124, 4, 'duration', 297479, 'durata', 'Durata dell''anno scolastico');
INSERT INTO "columns" ("column", "relation", "position", "name", "language", "translation", "comment") VALUES (300036, 299167, 3, 'leavings', 297479, 'uscite', 'Le uscite');
INSERT INTO "columns" ("column", "relation", "position", "name", "language", "translation", "comment") VALUES (300584, 299177, 10, 'mnemonic', 297479, 'mnemonico', 'Memonico di riferimento per le valutazioni');
INSERT INTO "columns" ("column", "relation", "position", "name", "language", "translation", "comment") VALUES (711891, 711863, 3, 'name', 297479, 'nome', 'Nome delle qualifiche');
INSERT INTO "columns" ("column", "relation", "position", "name", "language", "translation", "comment") VALUES (300434, 299151, 1, 'note', 297479, 'nota', 'Nota');
INSERT INTO "columns" ("column", "relation", "position", "name", "language", "translation", "comment") VALUES (305957, 299102, 3, 'role', 297479, 'role', 'Ruolo di una persona');
INSERT INTO "columns" ("column", "relation", "position", "name", "language", "translation", "comment") VALUES (300582, 299177, 8, 'row_number', 297479, 'row_number', 'Numero di riga');
INSERT INTO "columns" ("column", "relation", "position", "name", "language", "translation", "comment") VALUES (711890, 711863, 2, 'school', 297479, 'scuola', 'Scuola per le qualifiche');
INSERT INTO "columns" ("column", "relation", "position", "name", "language", "translation", "comment") VALUES (300445, 299148, 6, 'school_operator_thumbnail', 297479, 'addetto_scolastico_foto_miniatura', 'Miniatura dell''addetto scolastico');
INSERT INTO "columns" ("column", "relation", "position", "name", "language", "translation", "comment") VALUES (300429, 299131, 15, 'student_tax_code', 297479, 'alunno_codice_fiscale', 'Codice fiscale dello studente');
INSERT INTO "columns" ("column", "relation", "position", "name", "language", "translation", "comment") VALUES (300591, 299159, 2, 'student', 297479, 'alunno', 'Studente con queste statistiche sulla valutazione');
INSERT INTO "columns" ("column", "relation", "position", "name", "language", "translation", "comment") VALUES (300580, 299177, 6, 'tax_code', 297479, 'codice_fiscale', 'Codice fiscale');
INSERT INTO "columns" ("column", "relation", "position", "name", "language", "translation", "comment") VALUES (300576, 299177, 2, 'teacher', 297479, 'docente', 'Insegnante che ha inserito il voto');
INSERT INTO "columns" ("column", "relation", "position", "name", "language", "translation", "comment") VALUES (300426, 299131, 12, 'student_thumbnail', 297479, 'alunno_foto_miniatura', 'Miniatura dello studente');
INSERT INTO "columns" ("column", "relation", "position", "name", "language", "translation", "comment") VALUES (711894, 711863, 6, 'type', 297479, 'tipo', 'Tipo per queste qualifiche');
INSERT INTO "columns" ("column", "relation", "position", "name", "language", "translation", "comment") VALUES (711874, 711860, 2, 'type', 297479, 'tipo', 'Tipo di file');
INSERT INTO "columns" ("column", "relation", "position", "name", "language", "translation", "comment") VALUES (711885, 711862, 2, 'valutation', 297479, 'valutazione', 'Valutazione riguardo una qualifica');
INSERT INTO "columns" ("column", "relation", "position", "name", "language", "translation", "comment") VALUES (300595, 299159, 6, 'media', 297479, 'media', 'Media della valutazione');
INSERT INTO "columns" ("column", "relation", "position", "name", "language", "translation", "comment") VALUES (711869, 711859, 1, 'holiday', 297479, 'vacanza', 'Codice identificativo univoco della riga');
INSERT INTO "columns" ("column", "relation", "position", "name", "language", "translation", "comment") VALUES (711866, 711858, 1, 'weekly_timetable', 297479, 'orario_settimanale', 'Codice identificativo univoco della riga');
INSERT INTO "columns" ("column", "relation", "position", "name", "language", "translation", "comment") VALUES (300441, 299148, 2, 'on_date', 297479, 'giorno', 'Giorno in cui la classe è certificata per essere fuori');
INSERT INTO "columns" ("column", "relation", "position", "name", "language", "translation", "comment") VALUES (135, 299177, 7, 'on_date', 297479, 'giorno', 'Data di ritorno dello studente');
INSERT INTO "columns" ("column", "relation", "position", "name", "language", "translation", "comment") VALUES (134, 299177, 4, 'surname', 297479, 'cognome', 'Cognome di riferimento per le valutazioni');
INSERT INTO "columns" ("column", "relation", "position", "name", "language", "translation", "comment") VALUES (112, 299087, 3, 'faults', 297479, 'mancanze', 'Codice identificativo univoco per riga');
INSERT INTO "columns" ("column", "relation", "position", "name", "language", "translation", "comment") VALUES (86, 299103, 3, 'existing', 297479, 'esistente', 'Controllo se lo stato esiste');
INSERT INTO "columns" ("column", "relation", "position", "name", "language", "translation", "comment") VALUES (105, 299076, 1, 'classroom', 297479, 'classe', 'Classe dell''insegnante');
INSERT INTO "columns" ("column", "relation", "position", "name", "language", "translation", "comment") VALUES (114, 299125, 10, 'student_name', 297479, 'alunno_nome', 'Nome dello studente con questa uscita');
INSERT INTO "columns" ("column", "relation", "position", "name", "language", "translation", "comment") VALUES (115, 299125, 11, 'student_tax_code', 297479, 'alunno_codice_fiscale', 'Codice fiscale dello studente con questa uscita');
INSERT INTO "columns" ("column", "relation", "position", "name", "language", "translation", "comment") VALUES (122, 299151, 3, 'visto_surname', 297479, 'visto_cognome', 'Cognome di chi ha visto la nota');
INSERT INTO "columns" ("column", "relation", "position", "name", "language", "translation", "comment") VALUES (123, 299151, 4, 'visto_name', 297479, 'visto_nome', 'Nome di chi ha visto la nota');
INSERT INTO "columns" ("column", "relation", "position", "name", "language", "translation", "comment") VALUES (124, 299151, 5, 'visto_thumbnail', 297479, 'visto_foto_miniatura', 'Miniatura di chi ha visto la nota');
INSERT INTO "columns" ("column", "relation", "position", "name", "language", "translation", "comment") VALUES (125, 299151, 6, 'visto_tax_code', 297479, 'visto_codice_fiscale', 'Codice fiscale di chi ha visto la nota');
INSERT INTO "columns" ("column", "relation", "position", "name", "language", "translation", "comment") VALUES (126, 299148, 3, 'from_time', 297479, 'dalle', 'Data per registrare inizio fuori dalla classe');
INSERT INTO "columns" ("column", "relation", "position", "name", "language", "translation", "comment") VALUES (129, 299104, 10, 'subject_description', 297479, 'materia_descrizione', 'Descrizione per la materia');
INSERT INTO "columns" ("column", "relation", "position", "name", "language", "translation", "comment") VALUES (64, 299100, 3, 'notification_management', 297479, 'gestione_notifiche', 'Indica il tipo di comunicazione per le notifiche');
INSERT INTO "columns" ("column", "relation", "position", "name", "language", "translation", "comment") VALUES (87, 299091, 4, 'thousandths', 297479, 'millesimi', 'Indica il peso in millesimo per quel voto, il suo valore permette di confrontare metriche diverse');
INSERT INTO "columns" ("column", "relation", "position", "name", "language", "translation", "comment") VALUES (95, 299097, 9, 'course_year', 297479, 'anno_corso', 'Anno scolastico per l''insegnante');
INSERT INTO "columns" ("column", "relation", "position", "name", "language", "translation", "comment") VALUES (111, 299087, 1, 'classroom', 297479, 'classe', 'Classe con queste mancanze');
INSERT INTO "columns" ("column", "relation", "position", "name", "language", "translation", "comment") VALUES (140, 299081, 1, 'classroom', 297479, 'classe', 'Classe per le statistiche sulle valutazioni');
INSERT INTO "columns" ("column", "relation", "position", "name", "language", "translation", "comment") VALUES (130, 299088, 3, 'at_time', 297479, 'ora', 'Data quando la firma è stata fatta');
INSERT INTO "columns" ("column", "relation", "position", "name", "language", "translation", "comment") VALUES (139, 299159, 7, 'dev_std', 297479, 'dev_std', 'Deviazione standard per le statistiche sulle valutazioni');
INSERT INTO "columns" ("column", "relation", "position", "name", "language", "translation", "comment") VALUES (144, 299081, 10, 'min', 297479, 'min', 'Valore minimo per le statistiche sulle valutazioni');
INSERT INTO "columns" ("column", "relation", "position", "name", "language", "translation", "comment") VALUES (138, 299159, 5, 'max', 297479, 'max', 'Valore massimo per le statistiche sulle valutazioni');
INSERT INTO "columns" ("column", "relation", "position", "name", "language", "translation", "comment") VALUES (145, 299081, 13, 'dev_std', 297479, 'dev_std', 'Deviazione standard per le statistiche sulle valutazioni');
INSERT INTO "columns" ("column", "relation", "position", "name", "language", "translation", "comment") VALUES (137, 299159, 4, 'min', 297479, 'min', 'Valore minimo per le statistiche sulle valutazioni');
INSERT INTO "columns" ("column", "relation", "position", "name", "language", "translation", "comment") VALUES (136, 299177, 9, 'riferimento', 297479, 'riferimento', 'Codice univoco identificativo per riga');
INSERT INTO "columns" ("column", "relation", "position", "name", "language", "translation", "comment") VALUES (142, 299081, 7, 'description', 297479, 'descrizione', 'Descrizione per materie nelle statistiche delle valutazioni');
INSERT INTO "columns" ("column", "relation", "position", "name", "language", "translation", "comment") VALUES (141, 299081, 4, 'degree', 297479, 'indirizzo_scolastico', 'Indirizzo di studio della scuola');
INSERT INTO "columns" ("column", "relation", "position", "name", "language", "translation", "comment") VALUES (143, 299081, 8, 'building', 297479, 'plesso', 'Plesso della scuola');
INSERT INTO "columns" ("column", "relation", "position", "name", "language", "translation", "comment") VALUES (133, 299177, 3, 'subject', 297479, 'materia', 'Materia di riferimento per le valutazioni');
INSERT INTO "columns" ("column", "relation", "position", "name", "language", "translation", "comment") VALUES (132, 299088, 7, 'name', 297479, 'nome', 'Nome della firma');
INSERT INTO "columns" ("column", "relation", "position", "name", "language", "translation", "comment") VALUES (65, 299099, 6, 'city', 297479, 'comune', 'Comune della persona');
INSERT INTO "columns" ("column", "relation", "position", "name", "language", "translation", "comment") VALUES (67, 711864, 5, 'subject', 297479, 'materia', 'Materia del piano qualifiche');
INSERT INTO "columns" ("column", "relation", "position", "name", "language", "translation", "comment") VALUES (66, 299158, 1, 'parents_meeting', 297479, 'ricevimento_genitori', 'Codice identificativo della riga');
INSERT INTO "columns" ("column", "relation", "position", "name", "language", "translation", "comment") VALUES (68, 305804, 6, 'permission', 297479, 'permesso', 'Permessi riguardo la licenza wikimedia');
INSERT INTO "columns" ("column", "relation", "position", "name", "language", "translation", "comment") VALUES (69, 299116, 1, 'classroom', 297479, 'classe', 'Classe con questi ritardi nel mese');
INSERT INTO "columns" ("column", "relation", "position", "name", "language", "translation", "comment") VALUES (70, 299077, 2, 'month', 297479, 'mese', 'Mese per le uscite');
INSERT INTO "columns" ("column", "relation", "position", "name", "language", "translation", "comment") VALUES (71, 711863, 4, 'description', 297479, 'descrizione', 'Descrizione della qualifica');
INSERT INTO "columns" ("column", "relation", "position", "name", "language", "translation", "comment") VALUES (72, 299085, 3, 'absences', 297479, 'assenze', 'Codice identificativo univoco per riga');
INSERT INTO "columns" ("column", "relation", "position", "name", "language", "translation", "comment") VALUES (73, 299105, 4, 'tax_code', 297479, 'codice_fiscale', 'Codice fiscale dello studente');
INSERT INTO "columns" ("column", "relation", "position", "name", "language", "translation", "comment") VALUES (74, 299105, 16, 'out_of_classrooms', 297479, 'fuori_classi', 'Codice identificativo univoco per riga');
INSERT INTO "columns" ("column", "relation", "position", "name", "language", "translation", "comment") VALUES (75, 299094, 3, 'weekly_timetable_description', 297479, 'orario_settimanale_descrizione', 'Descrizione dell''orario settimanale');
INSERT INTO "columns" ("column", "relation", "position", "name", "language", "translation", "comment") VALUES (76, 299094, 5, 'weekday', 297479, 'giorno_settimana', 'Giorno della settimana per l''orario settimanale');
INSERT INTO "columns" ("column", "relation", "position", "name", "language", "translation", "comment") VALUES (77, 299094, 7, 'period', 297479, 'periodo', 'Periodo dell''orario settimanale');
INSERT INTO "columns" ("column", "relation", "position", "name", "language", "translation", "comment") VALUES (88, 711862, 1, 'valutation_qualificationtion', 297479, 'valutazione_qualifica', 'Codice identificativo univoco per riga');
INSERT INTO "columns" ("column", "relation", "position", "name", "language", "translation", "comment") VALUES (90, 299086, 1, 'conversation_invite', 297479, 'conversazione_invitato', 'Codice identificativo univoco per riga');
INSERT INTO "columns" ("column", "relation", "position", "name", "language", "translation", "comment") VALUES (99, 299128, 7, 'classroom', 297479, 'classe', 'Codice identificativo univoco per riga');
INSERT INTO "columns" ("column", "relation", "position", "name", "language", "translation", "comment") VALUES (100, 299149, 3, 'absences_certified', 297479, 'assenze_certificati', 'Codice identificativo univoco per riga');
INSERT INTO "columns" ("column", "relation", "position", "name", "language", "translation", "comment") VALUES (89, 711862, 4, 'grade', 297479, 'grado', 'Grado di qualifica');
INSERT INTO "columns" ("column", "relation", "position", "name", "language", "translation", "comment") VALUES (91, 299168, 2, 'student', 297479, 'alunno', 'Studente con queste uscite');
INSERT INTO "columns" ("column", "relation", "position", "name", "language", "translation", "comment") VALUES (92, 299141, 2, 'student', 297479, 'alunno', 'Studente con queste note');
INSERT INTO "columns" ("column", "relation", "position", "name", "language", "translation", "comment") VALUES (93, 299097, 3, 'logo', 297479, 'logo', 'Logo per la materia');
INSERT INTO "columns" ("column", "relation", "position", "name", "language", "translation", "comment") VALUES (94, 299097, 7, 'classroom', 297479, 'classe', 'Classe con queste informazioni');
INSERT INTO "columns" ("column", "relation", "position", "name", "language", "translation", "comment") VALUES (96, 299097, 14, 'tax_code', 297479, 'codice_fiscale', 'Codice fiscale dell''insegnante');
INSERT INTO "columns" ("column", "relation", "position", "name", "language", "translation", "comment") VALUES (97, 299167, 2, 'student', 297479, 'alunno', 'Studente con queste uscite non giustificate');
INSERT INTO "columns" ("column", "relation", "position", "name", "language", "translation", "comment") VALUES (98, 299128, 5, 'school_year_description', 297479, 'anno_scolastico_descrizione', 'Descrizione dell''anno scolastico');
INSERT INTO "columns" ("column", "relation", "position", "name", "language", "translation", "comment") VALUES (101, 299172, 10, 'zip_code', 297479, 'cap', 'Cap dello studente');
INSERT INTO "columns" ("column", "relation", "position", "name", "language", "translation", "comment") VALUES (102, 299172, 12, 'province', 297479, 'province', 'Provincia dello studente');
INSERT INTO "columns" ("column", "relation", "position", "name", "language", "translation", "comment") VALUES (103, 299106, 3, 'leavings_certified', 297479, 'uscite_certificati', 'Codice identificativo univoco per riga');
INSERT INTO "columns" ("column", "relation", "position", "name", "language", "translation", "comment") VALUES (104, 299090, 3, 'lessons', 297479, 'lezioni', 'Tutte le lezioni');
INSERT INTO "columns" ("column", "relation", "position", "name", "language", "translation", "comment") VALUES (106, 299076, 6, 'name', 297479, 'nome', 'Nome dell''insegnante');
INSERT INTO "columns" ("column", "relation", "position", "name", "language", "translation", "comment") VALUES (107, 299076, 16, 'notes_iussed', 297479, 'nota_emesse', 'Nota scritta dall''insegnante');
INSERT INTO "columns" ("column", "relation", "position", "name", "language", "translation", "comment") VALUES (108, 299130, 18, 'registered_on_surname', 297479, 'registrata_il_cognome', 'Cognome dello studente alla registrazione con questo ritardo');
INSERT INTO "columns" ("column", "relation", "position", "name", "language", "translation", "comment") VALUES (110, 299130, 20, 'registered_on_thumbnail', 297479, 'registrata_il_foto_miniatura', 'Miniatura alla registrazione con questo ritardo');
INSERT INTO "columns" ("column", "relation", "position", "name", "language", "translation", "comment") VALUES (109, 299130, 19, 'registered_on_name', 297479, 'registrata_il_nome', 'Nome dello studente alla registrazione con questo ritardo');
INSERT INTO "columns" ("column", "relation", "position", "name", "language", "translation", "comment") VALUES (113, 299125, 3, 'at_time', 297479, 'ora', 'Orario di uscita dello studente');
INSERT INTO "columns" ("column", "relation", "position", "name", "language", "translation", "comment") VALUES (116, 299125, 17, 'explanation_registered_on', 297479, 'giustificazione_registrata_il', 'Data di registrazione della giustifica');
INSERT INTO "columns" ("column", "relation", "position", "name", "language", "translation", "comment") VALUES (117, 299125, 18, 'registered_on_surname', 297479, 'registrata_il_cognome', 'Cognome dello studente alla regitrazione con questa uscita');
INSERT INTO "columns" ("column", "relation", "position", "name", "language", "translation", "comment") VALUES (118, 299125, 20, 'registered_on_thumbnail', 297479, 'registrata_il_foto_miniatura', 'Miniatura dello studente alla registrazione con questa uscita');
INSERT INTO "columns" ("column", "relation", "position", "name", "language", "translation", "comment") VALUES (119, 299118, 1, 'rv', 297479, 'rv', 'Tutte le valutazioni con maggiori info');
INSERT INTO "columns" ("column", "relation", "position", "name", "language", "translation", "comment") VALUES (120, 299118, 13, 'topic_description', 297479, 'argomento_descrizione', 'Descrizione dell''argomento');
INSERT INTO "columns" ("column", "relation", "position", "name", "language", "translation", "comment") VALUES (121, 299118, 15, 'metric_description', 297479, 'metricaa_descrizione', 'Descrizione della metrica');
INSERT INTO "columns" ("column", "relation", "position", "name", "language", "translation", "comment") VALUES (127, 299148, 9, 'school_operator_tax_code', 297479, 'addetto_scolastico_codice_fiscale', 'Codice fiscale dell''addetto scolastico');
INSERT INTO "columns" ("column", "relation", "position", "name", "language", "translation", "comment") VALUES (128, 299173, 3, 'count', 297479, 'count', 'Un contatore');
INSERT INTO "columns" ("column", "relation", "position", "name", "language", "translation", "comment") VALUES (131, 299088, 4, 'thumbnail', 297479, 'foto_miniatura', 'Miniatura di chi ha fatto la firma');
INSERT INTO "columns" ("column", "relation", "position", "name", "language", "translation", "comment") VALUES (300509, 299121, 4, 'teacher', 297479, 'docente', 'Insegnante che ha inserito la nota');
INSERT INTO "columns" ("column", "relation", "position", "name", "language", "translation", "comment") VALUES (300454, 299158, 2, 'teacher', 297479, 'docente', 'Insegnante che deve trovarsi con questa persona in tale data');
INSERT INTO "columns" ("column", "relation", "position", "name", "language", "translation", "comment") VALUES (300463, 299102, 1, 'person_role', 297479, 'personaa_ruolo', 'Codice identificativo univoco della riga');
INSERT INTO "columns" ("column", "relation", "position", "name", "language", "translation", "comment") VALUES (300478, 299095, 1, 'region', 297479, 'regione', 'Codice identificativo univoco della riga');
INSERT INTO "columns" ("column", "relation", "position", "name", "language", "translation", "comment") VALUES (300456, 299158, 4, 'on_date', 297479, 'giorno', 'Data di disponibilità dell''insegnante');
INSERT INTO "columns" ("column", "relation", "position", "name", "language", "translation", "comment") VALUES (300479, 299095, 2, 'description', 297479, 'descrizione', 'Descrizione per la regione');
INSERT INTO "columns" ("column", "relation", "position", "name", "language", "translation", "comment") VALUES (300480, 299095, 3, 'geographical_area', 297479, 'ripartizione_geografica', 'Area geografica delle regioni');
INSERT INTO "columns" ("column", "relation", "position", "name", "language", "translation", "comment") VALUES (300486, 299092, 3, 'logo', 297479, 'logo', 'Il logo della scuola');
INSERT INTO "columns" ("column", "relation", "position", "name", "language", "translation", "comment") VALUES (300451, 299148, 12, 'student_name', 297479, 'alunno_nome', 'Nome dello studente fuori dalla classe');
INSERT INTO "columns" ("column", "relation", "position", "name", "language", "translation", "comment") VALUES (300464, 299102, 2, 'person', 297479, 'persona', 'Persona con questi ruoli');
INSERT INTO "columns" ("column", "relation", "position", "name", "language", "translation", "comment") VALUES (300457, 299156, 1, 'person_relation', 297479, 'personaa_relazione', 'Relazione della persona con lo studente');
INSERT INTO "columns" ("column", "relation", "position", "name", "language", "translation", "comment") VALUES (300461, 299156, 5, 'relationship', 297479, 'relazione_personaale', 'Relazione tra parente e studente');
INSERT INTO "columns" ("column", "relation", "position", "name", "language", "translation", "comment") VALUES (300485, 299092, 2, 'school_description', 297479, 'istituto_descrizione', 'Descrizione scuola');
INSERT INTO "columns" ("column", "relation", "position", "name", "language", "translation", "comment") VALUES (300447, 299148, 8, 'school_operator_name', 297479, 'addetto_scolastico_nome', 'Nome dell''addetto scolastico');
INSERT INTO "columns" ("column", "relation", "position", "name", "language", "translation", "comment") VALUES (300484, 299092, 1, 'school', 297479, 'istituto', 'Scuola con questo orario');
INSERT INTO "columns" ("column", "relation", "position", "name", "language", "translation", "comment") VALUES (300450, 299148, 11, 'student_surname', 297479, 'alunno_cognome', 'Cognome dello studente');
INSERT INTO "columns" ("column", "relation", "position", "name", "language", "translation", "comment") VALUES (300449, 299148, 10, 'student_thumbnail', 297479, 'alunno_foto_miniatura', 'Miniatura dello studente');
INSERT INTO "columns" ("column", "relation", "position", "name", "language", "translation", "comment") VALUES (299959, 299115, 1, 'classroom', 297479, 'classe', 'Codice identificativo univoco della riga');
INSERT INTO "columns" ("column", "relation", "position", "name", "language", "translation", "comment") VALUES (300492, 299092, 9, 'weekly_timetable_description', 297479, 'orario_settimanale_descrizione', 'Orario settimanale usato dalla classe in questo anno scolastico');
INSERT INTO "columns" ("column", "relation", "position", "name", "language", "translation", "comment") VALUES (300510, 299121, 5, 'on_date', 297479, 'giorno', 'Quando la nota è stata fatta');
INSERT INTO "columns" ("column", "relation", "position", "name", "language", "translation", "comment") VALUES (300494, 299088, 2, 'on_date', 297479, 'giorno', 'Quando la firma è stata inserita, giorno');
INSERT INTO "columns" ("column", "relation", "position", "name", "language", "translation", "comment") VALUES (300511, 299121, 6, 'at_time', 297479, 'ora', 'Data di inserimento della nota');
INSERT INTO "columns" ("column", "relation", "position", "name", "language", "translation", "comment") VALUES (300493, 299088, 1, 'classroom', 297479, 'classe', 'Classe con queste firme');
INSERT INTO "columns" ("column", "relation", "position", "name", "language", "translation", "comment") VALUES (300487, 299092, 4, 'school_year', 297479, 'anno_scolastico', 'Anno scolastico');
INSERT INTO "columns" ("column", "relation", "position", "name", "language", "translation", "comment") VALUES (300488, 299092, 5, 'school_year_description', 297479, 'anno_scolastico_descrizione', 'Descrizione anno scolastico');
INSERT INTO "columns" ("column", "relation", "position", "name", "language", "translation", "comment") VALUES (299960, 299115, 2, 'school_year', 297479, 'anno_scolastico', 'Anno scolastico per queste classi');
INSERT INTO "columns" ("column", "relation", "position", "name", "language", "translation", "comment") VALUES (299962, 299115, 4, 'section', 297479, 'sezione', 'Sezione della classe');
INSERT INTO "columns" ("column", "relation", "position", "name", "language", "translation", "comment") VALUES (300507, 299121, 2, 'student', 297479, 'alunno', 'Studente con queste note');
INSERT INTO "columns" ("column", "relation", "position", "name", "language", "translation", "comment") VALUES (300498, 299088, 6, 'surname', 297479, 'cognome', 'Cognome di chi ha firmato');
INSERT INTO "columns" ("column", "relation", "position", "name", "language", "translation", "comment") VALUES (300500, 299088, 8, 'tax_code', 297479, 'codice_fiscale', 'Codice fiscale');
INSERT INTO "columns" ("column", "relation", "position", "name", "language", "translation", "comment") VALUES (300506, 299121, 1, 'teacher_notes', 297479, 'nota_docentes', 'Note dell''insegnante');
INSERT INTO "columns" ("column", "relation", "position", "name", "language", "translation", "comment") VALUES (300491, 299092, 8, 'weekly_timetable', 297479, 'orario_settimanale', 'Orario settimanale per anno scolastico');
INSERT INTO "columns" ("column", "relation", "position", "name", "language", "translation", "comment") VALUES (300009, 299169, 1, 'delay', 297479, 'ritardo', 'Codice identificativo univoco della riga');
INSERT INTO "columns" ("column", "relation", "position", "name", "language", "translation", "comment") VALUES (300001, 299112, 1, 'city', 297479, 'comune', 'Codice identificativo univoco della riga');
INSERT INTO "columns" ("column", "relation", "position", "name", "language", "translation", "comment") VALUES (299988, 299175, 1, 'absence', 297479, 'assenza', 'Codice identificativo univoco della riga');
INSERT INTO "columns" ("column", "relation", "position", "name", "language", "translation", "comment") VALUES (299974, 299124, 2, 'school', 297479, 'istituto', 'Scuola');
INSERT INTO "columns" ("column", "relation", "position", "name", "language", "translation", "comment") VALUES (299957, 299162, 2, 'school', 297479, 'istituto', 'Scuola per filiali');
INSERT INTO "columns" ("column", "relation", "position", "name", "language", "translation", "comment") VALUES (299983, 299128, 4, 'school_year', 297479, 'anno_scolastico', 'Anno scolastico della classe');
INSERT INTO "columns" ("column", "relation", "position", "name", "language", "translation", "comment") VALUES (299969, 299157, 4, 'mnemonic', 297479, 'mnemonico', 'Piccola descrizione da usare come codice');
INSERT INTO "columns" ("column", "relation", "position", "name", "language", "translation", "comment") VALUES (299989, 299175, 2, 'on_date', 297479, 'giorno', 'Data che indica quando l''assenza è stata fatta');
INSERT INTO "columns" ("column", "relation", "position", "name", "language", "translation", "comment") VALUES (300002, 299112, 2, 'description', 297479, 'descrizione', 'Descrizione del comune');
INSERT INTO "columns" ("column", "relation", "position", "name", "language", "translation", "comment") VALUES (299985, 299128, 6, 'building_description', 297479, 'plesso_descrizione', 'Descrizione del plesso');
INSERT INTO "columns" ("column", "relation", "position", "name", "language", "translation", "comment") VALUES (300003, 299112, 3, 'district', 297479, 'provincia', 'Provincia');
INSERT INTO "columns" ("column", "relation", "position", "name", "language", "translation", "comment") VALUES (299996, 299085, 2, 'student', 297479, 'alunno', 'Studente con queste assenze');
INSERT INTO "columns" ("column", "relation", "position", "name", "language", "translation", "comment") VALUES (299991, 299175, 3, 'teacher', 297479, 'docente', 'Insegnante che ha validato l''assenza');
INSERT INTO "columns" ("column", "relation", "position", "name", "language", "translation", "comment") VALUES (300011, 299169, 2, 'teacher', 297479, 'docente', 'Insegnante con questi ritardi');
INSERT INTO "columns" ("column", "relation", "position", "name", "language", "translation", "comment") VALUES (300512, 299121, 7, 'classroom', 297479, 'classe', 'Classe per le note');
INSERT INTO "columns" ("column", "relation", "position", "name", "language", "translation", "comment") VALUES (300489, 299092, 6, 'classroom', 297479, 'classe', 'Classe per l''orario settimanale');
INSERT INTO "columns" ("column", "relation", "position", "name", "language", "translation", "comment") VALUES (300490, 299092, 7, 'classrom_description', 297479, 'classe_descrizione', 'Decrizione della classe');
INSERT INTO "columns" ("column", "relation", "position", "name", "language", "translation", "comment") VALUES (300508, 299121, 3, 'description', 297479, 'descrizione', 'Descrizione delle note');
INSERT INTO "columns" ("column", "relation", "position", "name", "language", "translation", "comment") VALUES (300482, 299173, 2, 'description', 297479, 'descrizione', 'Descrizione della residenza');
INSERT INTO "columns" ("column", "relation", "position", "name", "language", "translation", "comment") VALUES (300462, 299156, 6, 'can_do_explanation', 297479, 'puo_giustificare', 'Indica se può fare giustifiche per lo studente');
INSERT INTO "columns" ("column", "relation", "position", "name", "language", "translation", "comment") VALUES (300460, 299156, 4, 'sign_request', 297479, 'visto_richiesto', 'Indica che, in caso di note disciplinari o di classe(es. visita al museo), il docente deve controllare la presa visione');
INSERT INTO "columns" ("column", "relation", "position", "name", "language", "translation", "comment") VALUES (300481, 299173, 1, 'school', 297479, 'istituto', 'Scuole in questa città');
INSERT INTO "columns" ("column", "relation", "position", "name", "language", "translation", "comment") VALUES (300459, 299156, 3, 'person_related_to', 297479, 'personaa_relazionata', 'Indica in che modo la persona è in relazione con lo studente');
INSERT INTO "columns" ("column", "relation", "position", "name", "language", "translation", "comment") VALUES (300458, 299156, 2, 'person', 297479, 'persona', 'Persona che ha questa relazione');
INSERT INTO "columns" ("column", "relation", "position", "name", "language", "translation", "comment") VALUES (300455, 299158, 3, 'person', 297479, 'persona', 'Persona che deve incontrare l''insegnante in questa data');
INSERT INTO "columns" ("column", "relation", "position", "name", "language", "translation", "comment") VALUES (300452, 299148, 13, 'student_tax_code', 297479, 'alunno_codice_fiscale', 'Codice fiscale dello studente');
INSERT INTO "columns" ("column", "relation", "position", "name", "language", "translation", "comment") VALUES (300497, 299088, 5, 'teacher', 297479, 'docente', 'Insegnante che ha inserito la firma');
INSERT INTO "columns" ("column", "relation", "position", "name", "language", "translation", "comment") VALUES (299968, 299157, 3, 'processing_code', 297479, 'processing_code', 'Codice per identificare la scuola nel sistema informativo del governo');
INSERT INTO "columns" ("column", "relation", "position", "name", "language", "translation", "comment") VALUES (299995, 299085, 1, 'classroom', 297479, 'classe', 'Classe');
INSERT INTO "columns" ("column", "relation", "position", "name", "language", "translation", "comment") VALUES (299998, 299117, 1, 'classroom', 297479, 'classe', 'Classe per le assenze non giustificate');
INSERT INTO "columns" ("column", "relation", "position", "name", "language", "translation", "comment") VALUES (299970, 299157, 5, 'example', 297479, 'esempio', 'Indica che questa data è stata inserita come esempio di utilizzo');
INSERT INTO "columns" ("column", "relation", "position", "name", "language", "translation", "comment") VALUES (299964, 299115, 6, 'description', 297479, 'descrizione', 'Descrizione della classe');
INSERT INTO "columns" ("column", "relation", "position", "name", "language", "translation", "comment") VALUES (299967, 299157, 2, 'description', 297479, 'descrizione', 'Descrizione della scuola');
INSERT INTO "columns" ("column", "relation", "position", "name", "language", "translation", "comment") VALUES (300012, 299169, 3, 'explanation', 297479, 'giustificazione', 'Giustificazioni per i ritardi');
INSERT INTO "columns" ("column", "relation", "position", "name", "language", "translation", "comment") VALUES (299961, 299115, 3, 'degree', 297479, 'indirizzo_scolastico', 'Indica l''indirizzo scolastico di una classe');
INSERT INTO "columns" ("column", "relation", "position", "name", "language", "translation", "comment") VALUES (299987, 299128, 8, 'classrom_description', 297479, 'classe_descrizione', 'Descrizione della classe');
INSERT INTO "columns" ("column", "relation", "position", "name", "language", "translation", "comment") VALUES (299956, 299162, 1, 'branch', 297479, 'filiale', 'Codice identificativo univoco della riga');
INSERT INTO "columns" ("column", "relation", "position", "name", "language", "translation", "comment") VALUES (300537, 299098, 1, 'topic', 297479, 'argomento', 'Codice identificativo univoco della riga');
INSERT INTO "columns" ("column", "relation", "position", "name", "language", "translation", "comment") VALUES (299958, 299162, 3, 'description', 297479, 'descrizione', 'Descrizione dell''indirizzo scolastico');
INSERT INTO "columns" ("column", "relation", "position", "name", "language", "translation", "comment") VALUES (300262, 299076, 7, 'sex', 297479, 'sesso', 'Sesso dell''insegnante');
INSERT INTO "columns" ("column", "relation", "position", "name", "language", "translation", "comment") VALUES (300014, 299169, 5, 'at_time', 297479, 'ora', 'Data del ritardo, giorno in cui è avvenuto');
INSERT INTO "columns" ("column", "relation", "position", "name", "language", "translation", "comment") VALUES (299992, 299175, 4, 'explanation', 297479, 'giustificazione', 'Giustificazioni per le assenze');
INSERT INTO "columns" ("column", "relation", "position", "name", "language", "translation", "comment") VALUES (300023, 299079, 1, 'leaving', 297479, 'uscita', 'Codice identificativo univoco della riga');
INSERT INTO "columns" ("column", "relation", "position", "name", "language", "translation", "comment") VALUES (300033, 299168, 3, 'leavings', 297479, 'uscite', 'Codice identificativo univoco della riga');
INSERT INTO "columns" ("column", "relation", "position", "name", "language", "translation", "comment") VALUES (300027, 299079, 4, 'on_date', 297479, 'giorno', 'Quando è stata fatta l''uscita');
INSERT INTO "columns" ("column", "relation", "position", "name", "language", "translation", "comment") VALUES (300020, 299083, 1, 'classroom', 297479, 'classe', 'Classe con ritardi non giustificati');
INSERT INTO "columns" ("column", "relation", "position", "name", "language", "translation", "comment") VALUES (300031, 299168, 1, 'classroom', 297479, 'classe', 'Classe con queste uscite');
INSERT INTO "columns" ("column", "relation", "position", "name", "language", "translation", "comment") VALUES (300025, 299079, 2, 'teacher', 297479, 'docente', 'Insegnante che ha giustificato questa uscita');
INSERT INTO "columns" ("column", "relation", "position", "name", "language", "translation", "comment") VALUES (300028, 299079, 5, 'at_time', 297479, 'ora', 'Orario di uscita dalla classe');
INSERT INTO "columns" ("column", "relation", "position", "name", "language", "translation", "comment") VALUES (711895, 711863, 7, 'qualification_parent', 297479, 'qualifica_parente', 'Parametro necessario per la creazione dell''albero delle qualifiche, in questa colonna viene indicato la dipendenza nella famiglia');
INSERT INTO "columns" ("column", "relation", "position", "name", "language", "translation", "comment") VALUES (711877, 711860, 5, 'photo', 297479, 'foto', 'Foto da wikimedia');
INSERT INTO "columns" ("column", "relation", "position", "name", "language", "translation", "comment") VALUES (711875, 711860, 3, 'wikimedia_file', 297479, 'wikimedia_file', 'Codice identificativo univoco della riga');
INSERT INTO "columns" ("column", "relation", "position", "name", "language", "translation", "comment") VALUES (711870, 711859, 2, 'school', 297479, 'scuola', 'Scuola con queste vacanze');
INSERT INTO "columns" ("column", "relation", "position", "name", "language", "translation", "comment") VALUES (711879, 711861, 1, 'wikimedia_file_person', 297479, 'wikinedia_file_persona', 'File della persona');
INSERT INTO "columns" ("column", "relation", "position", "name", "language", "translation", "comment") VALUES (711873, 711860, 1, 'name', 297479, 'nome', 'Nome da wikimedia file');
INSERT INTO "columns" ("column", "relation", "position", "name", "language", "translation", "comment") VALUES (711886, 711862, 3, 'qualification', 297479, 'qualifica', 'Codice identificativo univoco della riga');
INSERT INTO "columns" ("column", "relation", "position", "name", "language", "translation", "comment") VALUES (711889, 711863, 1, 'qualification', 297479, 'qualifica', 'Codice identificativo univoco della riga');
INSERT INTO "columns" ("column", "relation", "position", "name", "language", "translation", "comment") VALUES (711881, 711861, 3, 'person', 297479, 'persona', 'La persona da wikimedia file');
INSERT INTO "columns" ("column", "relation", "position", "name", "language", "translation", "comment") VALUES (711897, 711864, 2, 'qualification', 297479, 'qualifica', 'Qualifica');
INSERT INTO "columns" ("column", "relation", "position", "name", "language", "translation", "comment") VALUES (711878, 711860, 6, 'thumbnail', 297479, 'anteprima', 'Miniatura da wikimedia');
INSERT INTO "columns" ("column", "relation", "position", "name", "language", "translation", "comment") VALUES (300017, 299153, 1, 'classroom', 297479, 'classe', 'Classe con questi ritardi');
INSERT INTO "columns" ("column", "relation", "position", "name", "language", "translation", "comment") VALUES (299963, 299115, 5, 'course_year', 297479, 'anno_corso', 'Anno scolastico della classe');
INSERT INTO "columns" ("column", "relation", "position", "name", "language", "translation", "comment") VALUES (300013, 299169, 4, 'on_date', 297479, 'giorno', 'Data del ritardo');
INSERT INTO "columns" ("column", "relation", "position", "name", "language", "translation", "comment") VALUES (300554, 299118, 11, 'grade_type_description', 297479, 'tipo_voto_descrizione', 'Descrizione per il tipo di voto');
INSERT INTO "columns" ("column", "relation", "position", "name", "language", "translation", "comment") VALUES (299975, 299124, 3, 'description', 297479, 'descrizione', 'Descrizione dell''anno scolastico');
INSERT INTO "columns" ("column", "relation", "position", "name", "language", "translation", "comment") VALUES (300561, 299118, 18, 'evaluation', 297479, 'giudizio', 'Giudizio');
INSERT INTO "columns" ("column", "relation", "position", "name", "language", "translation", "comment") VALUES (300560, 299118, 17, 'grade_description', 297479, 'voto_descrizione', 'Descrizione del voto');
INSERT INTO "columns" ("column", "relation", "position", "name", "language", "translation", "comment") VALUES (299982, 299128, 3, 'logo', 297479, 'logo', 'Il logo della classe');
INSERT INTO "columns" ("column", "relation", "position", "name", "language", "translation", "comment") VALUES (300167, 299135, 5, 'teacher_name', 297479, 'docente_nome', 'Nome dell''insegnante');
INSERT INTO "columns" ("column", "relation", "position", "name", "language", "translation", "comment") VALUES (299981, 299128, 2, 'school_description', 297479, 'istituto_descrizione', 'Descrizione scuola per la classe');
INSERT INTO "columns" ("column", "relation", "position", "name", "language", "translation", "comment") VALUES (299980, 299128, 1, 'school', 297479, 'istituto', 'Scuola della classe');
INSERT INTO "columns" ("column", "relation", "position", "name", "language", "translation", "comment") VALUES (300171, 299135, 9, 'student_name', 297479, 'alunno_nome', 'Nome dello studente');
INSERT INTO "columns" ("column", "relation", "position", "name", "language", "translation", "comment") VALUES (300016, 299169, 6, 'classroom_student', 297479, 'classe_alunno', 'Studente che ha fatto il ritardo');
INSERT INTO "columns" ("column", "relation", "position", "name", "language", "translation", "comment") VALUES (299973, 299124, 1, 'school_year', 297479, 'anno_scolastico', 'Codice identificativo univoco della riga');
INSERT INTO "columns" ("column", "relation", "position", "name", "language", "translation", "comment") VALUES (299966, 299157, 1, 'school', 297479, 'istituto', 'Codice identificativo univoco della riga');
INSERT INTO "columns" ("column", "relation", "position", "name", "language", "translation", "comment") VALUES (300166, 299135, 4, 'teacher_surname', 297479, 'docente_cognome', 'Cognome dell''insegnante');
INSERT INTO "columns" ("column", "relation", "position", "name", "language", "translation", "comment") VALUES (300175, 299135, 13, 'created_by_surname', 297479, 'creata_da_cognome', 'Cognome di chi ha creato questa assenza');
INSERT INTO "columns" ("column", "relation", "position", "name", "language", "translation", "comment") VALUES (299994, 299175, 5, 'classroom_student', 297479, 'classe_alunno', 'Classe dello studente con queste assenze');
INSERT INTO "columns" ("column", "relation", "position", "name", "language", "translation", "comment") VALUES (300168, 299135, 6, 'teacher_tax_code', 297479, 'docente_codice_fiscale', 'Codice fiscale dell''insegnante');
INSERT INTO "columns" ("column", "relation", "position", "name", "language", "translation", "comment") VALUES (300169, 299135, 7, 'student_thumbnail', 297479, 'alunno_foto_miniatura', 'Miniatura dello studente');
INSERT INTO "columns" ("column", "relation", "position", "name", "language", "translation", "comment") VALUES (300555, 299118, 12, 'topic', 297479, 'argomento', 'Argomento delle valutazioni');
INSERT INTO "columns" ("column", "relation", "position", "name", "language", "translation", "comment") VALUES (300165, 299135, 3, 'teacher_thumbnail', 297479, 'docente_foto_miniatura', 'Miniatura dell''insegnante');
INSERT INTO "columns" ("column", "relation", "position", "name", "language", "translation", "comment") VALUES (300030, 299079, 6, 'classroom_student', 297479, 'classe_alunno', 'Classe dello studente con queste uscite');
INSERT INTO "columns" ("column", "relation", "position", "name", "language", "translation", "comment") VALUES (300239, 299090, 1, 'classroom', 297479, 'classe', 'Classe con queste lezioni');
INSERT INTO "columns" ("column", "relation", "position", "name", "language", "translation", "comment") VALUES (300115, 299097, 8, 'degree', 297479, 'indirizzo_scolastico', 'Indirizzo scolastico dell''insegnante');
INSERT INTO "columns" ("column", "relation", "position", "name", "language", "translation", "comment") VALUES (300109, 299097, 2, 'school_description', 297479, 'istituto_descrizione', 'Descrizione della scuola');
INSERT INTO "columns" ("column", "relation", "position", "name", "language", "translation", "comment") VALUES (300129, 299129, 3, 'weekly_timetable_description', 297479, 'orario_settimanale_descrizione', 'Descrizione dell''orario settimanale');
INSERT INTO "columns" ("column", "relation", "position", "name", "language", "translation", "comment") VALUES (300119, 299097, 12, 'name', 297479, 'nome', 'Nome dell''insegnante');
INSERT INTO "columns" ("column", "relation", "position", "name", "language", "translation", "comment") VALUES (300108, 299097, 1, 'school', 297479, 'istituto', 'Scuola');
INSERT INTO "columns" ("column", "relation", "position", "name", "language", "translation", "comment") VALUES (300248, 299145, 1, 'signature', 297479, 'firma', 'Codice identificativo univoco della riga');
INSERT INTO "columns" ("column", "relation", "position", "name", "language", "translation", "comment") VALUES (300247, 299176, 3, 'out_of_classrooms_certified', 297479, 'fuori_classi_certificati', 'Codice identificativo univoco della riga');
INSERT INTO "columns" ("column", "relation", "position", "name", "language", "translation", "comment") VALUES (300120, 299097, 13, 'surname', 297479, 'cognome', 'Cognome dello studente');
INSERT INTO "columns" ("column", "relation", "position", "name", "language", "translation", "comment") VALUES (300252, 299145, 5, 'at_time', 297479, 'ora', 'Quando la firma è stata inserita, ora');
INSERT INTO "columns" ("column", "relation", "position", "name", "language", "translation", "comment") VALUES (300250, 299145, 3, 'teacher', 297479, 'docente', 'Insegnante che ha fatto questa firma');
INSERT INTO "columns" ("column", "relation", "position", "name", "language", "translation", "comment") VALUES (300237, 299106, 2, 'teacher', 297479, 'docente', 'Insegnante che ha giustificato queste uscita');
INSERT INTO "columns" ("column", "relation", "position", "name", "language", "translation", "comment") VALUES (300118, 299097, 11, 'teacher', 297479, 'docente', 'Insegnante con questa materia');
INSERT INTO "columns" ("column", "relation", "position", "name", "language", "translation", "comment") VALUES (300148, 299149, 1, 'classroom', 297479, 'classe', 'Classe per le assenze giustificate');
INSERT INTO "columns" ("column", "relation", "position", "name", "language", "translation", "comment") VALUES (300138, 299094, 1, 'classroom', 297479, 'classe', 'Classe con questi orari settimanali');
INSERT INTO "columns" ("column", "relation", "position", "name", "language", "translation", "comment") VALUES (300156, 299147, 6, 'registered_on', 297479, 'registrata_il', 'Data di inserimento della giustifica nel registro');
INSERT INTO "columns" ("column", "relation", "position", "name", "language", "translation", "comment") VALUES (300128, 299129, 2, 'weekly_timetable', 297479, 'orario_settimanale', 'Orario settimanale');
INSERT INTO "columns" ("column", "relation", "position", "name", "language", "translation", "comment") VALUES (300326, 299165, 1, 'district', 297479, 'provincia', 'Codice identificativo univoco della riga');
INSERT INTO "columns" ("column", "relation", "position", "name", "language", "translation", "comment") VALUES (300322, 299130, 17, 'explanation_registered_on', 297479, 'giustificazione_registrata_il', 'Data che indica quando la giustifica è stata registrata');
INSERT INTO "columns" ("column", "relation", "position", "name", "language", "translation", "comment") VALUES (300317, 299130, 12, 'explanation_description', 297479, 'giustificazione_descrizione', 'Descrizione delle giustifiche di questi ritardi');
INSERT INTO "columns" ("column", "relation", "position", "name", "language", "translation", "comment") VALUES (300147, 299094, 10, 'subject_description', 297479, 'materia_descrizione', 'Descrizione di queste materie');
INSERT INTO "columns" ("column", "relation", "position", "name", "language", "translation", "comment") VALUES (300103, 299133, 6, 'evaluation', 297479, 'giudizio', 'Giudizio');
INSERT INTO "columns" ("column", "relation", "position", "name", "language", "translation", "comment") VALUES (300145, 299094, 8, 'teacher_name_surname', 297479, 'docente_nome_cognome', 'Nome e cognome dell''insegnante');
INSERT INTO "columns" ("column", "relation", "position", "name", "language", "translation", "comment") VALUES (300143, 299094, 6, 'name_weekday', 297479, 'nome_giorno_settimana', 'Nome del giorno della settimana');
INSERT INTO "columns" ("column", "relation", "position", "name", "language", "translation", "comment") VALUES (300155, 299147, 5, 'created_by', 297479, 'creata_da', 'La persona, insegnante, famiglia, studente(se maggiorenne) che ha inserito la giustifica');
INSERT INTO "columns" ("column", "relation", "position", "name", "language", "translation", "comment") VALUES (300328, 299165, 3, 'region', 297479, 'regione', 'Regione');
INSERT INTO "columns" ("column", "relation", "position", "name", "language", "translation", "comment") VALUES (300158, 299147, 8, 'from_time', 297479, 'dalle', 'L''inizio di una assenza');
INSERT INTO "columns" ("column", "relation", "position", "name", "language", "translation", "comment") VALUES (300315, 299130, 10, 'student_name', 297479, 'alunno_nome', 'Nome dello studente');
INSERT INTO "columns" ("column", "relation", "position", "name", "language", "translation", "comment") VALUES (300316, 299130, 11, 'student_tax_code', 297479, 'alunno_codice_fiscale', 'Codice fiscale dello studente');
INSERT INTO "columns" ("column", "relation", "position", "name", "language", "translation", "comment") VALUES (300152, 299147, 2, 'student', 297479, 'alunno', 'Studente con queste giustifiche');
INSERT INTO "columns" ("column", "relation", "position", "name", "language", "translation", "comment") VALUES (300327, 299165, 2, 'description', 297479, 'descrizione', 'Codice identificativo univoco della riga');
INSERT INTO "columns" ("column", "relation", "position", "name", "language", "translation", "comment") VALUES (300141, 299094, 4, 'weekly_timetable_day', 297479, 'orario_settimanale_giorno', 'Codice identificativo univoco della riga');
INSERT INTO "columns" ("column", "relation", "position", "name", "language", "translation", "comment") VALUES (300151, 299147, 1, 'explanation', 297479, 'giustificazione', 'Codice identificativo univoco della riga');
INSERT INTO "columns" ("column", "relation", "position", "name", "language", "translation", "comment") VALUES (300318, 299130, 13, 'explanation_created_on', 297479, 'giustificazione_creata_il', 'Quando la giustifica è stata creata');
INSERT INTO "columns" ("column", "relation", "position", "name", "language", "translation", "comment") VALUES (300157, 299147, 7, 'registered_by', 297479, 'registrata_da', 'Persona che ha inserito la giustifica');
INSERT INTO "columns" ("column", "relation", "position", "name", "language", "translation", "comment") VALUES (300146, 299094, 9, 'teacher_thumbnail', 297479, 'docente_foto_miniatura', 'Miniatura dell''insegnante');
INSERT INTO "columns" ("column", "relation", "position", "name", "language", "translation", "comment") VALUES (300321, 299130, 16, 'created_by_thumbnail', 297479, 'creata_da_foto_miniatura', 'Miniatura di chi ha creato questo ritardo');
INSERT INTO "columns" ("column", "relation", "position", "name", "language", "translation", "comment") VALUES (300163, 299135, 1, 'classroom', 297479, 'classe', 'Classe con queste assenze');
INSERT INTO "columns" ("column", "relation", "position", "name", "language", "translation", "comment") VALUES (300395, 299104, 4, 'to_time', 297479, 'alle', 'Data che indica quando finiscono le lezioni');
INSERT INTO "columns" ("column", "relation", "position", "name", "language", "translation", "comment") VALUES (300187, 299116, 3, 'delays', 297479, 'ritardi', 'Ritardi del mese');
INSERT INTO "columns" ("column", "relation", "position", "name", "language", "translation", "comment") VALUES (300190, 299077, 3, 'leavings', 297479, 'uscite', 'Le uscite del mese');
INSERT INTO "columns" ("column", "relation", "position", "name", "language", "translation", "comment") VALUES (300391, 299161, 2, 'on_date', 297479, 'giorno', 'Quando è iniziata la lezione');
INSERT INTO "columns" ("column", "relation", "position", "name", "language", "translation", "comment") VALUES (300183, 299134, 2, 'month', 297479, 'mese', 'Mese dell''assenza');
INSERT INTO "columns" ("column", "relation", "position", "name", "language", "translation", "comment") VALUES (300176, 299135, 14, 'created_by_name', 297479, 'creata_da_nome', 'Nome di chi ha creato l''assenza');
INSERT INTO "columns" ("column", "relation", "position", "name", "language", "translation", "comment") VALUES (300388, 299125, 19, 'registered_on_name', 297479, 'registrata_il_nome', 'Nome di chi ha registrato l''uscita');
INSERT INTO "columns" ("column", "relation", "position", "name", "language", "translation", "comment") VALUES (300159, 299147, 9, 'to_time', 297479, 'alle', 'Data di rientro a scuola');
INSERT INTO "columns" ("column", "relation", "position", "name", "language", "translation", "comment") VALUES (300398, 299104, 7, 'tax_code', 297479, 'codice_fiscale', 'Codice fiscale di ogni persona a lezione');
INSERT INTO "columns" ("column", "relation", "position", "name", "language", "translation", "comment") VALUES (300177, 299135, 15, 'created_by_thumbnail', 297479, 'creata_da_foto_miniatura', 'Miniatura di chi ha creato questa assenza');
INSERT INTO "columns" ("column", "relation", "position", "name", "language", "translation", "comment") VALUES (300394, 299104, 3, 'from_time', 297479, 'dalle', 'Quando le lezioni iniziano');
INSERT INTO "columns" ("column", "relation", "position", "name", "language", "translation", "comment") VALUES (300393, 299104, 2, 'on_date', 297479, 'giorno', 'Giorno di inizio delle lezioni');
INSERT INTO "columns" ("column", "relation", "position", "name", "language", "translation", "comment") VALUES (300160, 299147, 10, 'coming_at', 297479, 'entra', 'Orario di entrata dello studente in ritardo');
INSERT INTO "columns" ("column", "relation", "position", "name", "language", "translation", "comment") VALUES (300161, 299147, 11, 'leaving_at', 297479, 'esce', 'Orario di uscita anticipata dello studente');
INSERT INTO "columns" ("column", "relation", "position", "name", "language", "translation", "comment") VALUES (300123, 299097, 16, 'subject_description', 297479, 'materia_descrizione', 'Descrizione della materia');
INSERT INTO "columns" ("column", "relation", "position", "name", "language", "translation", "comment") VALUES (300149, 299149, 2, 'teacher', 297479, 'docente', 'Insegnante che ha giustificato l''assenza');
INSERT INTO "columns" ("column", "relation", "position", "name", "language", "translation", "comment") VALUES (300122, 299097, 15, 'subject', 297479, 'materia', 'Materia dell''insegnante');
INSERT INTO "columns" ("column", "relation", "position", "name", "language", "translation", "comment") VALUES (300127, 299129, 1, 'classroom', 297479, 'classe', 'Classe');
INSERT INTO "columns" ("column", "relation", "position", "name", "language", "translation", "comment") VALUES (300113, 299097, 6, 'building_description', 297479, 'plesso_descrizione', 'Descrizione del plesso');
INSERT INTO "columns" ("column", "relation", "position", "name", "language", "translation", "comment") VALUES (300162, 299147, 12, 'type', 297479, 'tipo', 'Tipo di giustifica');
INSERT INTO "columns" ("column", "relation", "position", "name", "language", "translation", "comment") VALUES (300385, 299125, 16, 'created_by_thumbnail', 297479, 'creata_da_foto_miniatura', 'Miniatura della persona uscita');
INSERT INTO "columns" ("column", "relation", "position", "name", "language", "translation", "comment") VALUES (300181, 299135, 19, 'registered_on_thumbnail', 297479, 'registrata_il_foto_miniatura', 'Miniatura salvata alla registrazione');
INSERT INTO "columns" ("column", "relation", "position", "name", "language", "translation", "comment") VALUES (300117, 299097, 10, 'classrom_description', 297479, 'classe_descrizione', 'Descrizione della classe');
INSERT INTO "columns" ("column", "relation", "position", "name", "language", "translation", "comment") VALUES (300209, 299172, 3, 'name', 297479, 'nome', 'Nome dello studente');
INSERT INTO "columns" ("column", "relation", "position", "name", "language", "translation", "comment") VALUES (300215, 299172, 9, 'street', 297479, 'via', 'La via di uno studente');
INSERT INTO "columns" ("column", "relation", "position", "name", "language", "translation", "comment") VALUES (300232, 299174, 2, 'teacher', 297479, 'docente', 'Codice identificativo univoco della riga');
INSERT INTO "columns" ("column", "relation", "position", "name", "language", "translation", "comment") VALUES (300210, 299172, 4, 'surname', 297479, 'cognome', 'Cognome dello studente');
INSERT INTO "columns" ("column", "relation", "position", "name", "language", "translation", "comment") VALUES (300211, 299172, 5, 'tax_code', 297479, 'codice_fiscale', 'Codice fiscale dello studente');
INSERT INTO "columns" ("column", "relation", "position", "name", "language", "translation", "comment") VALUES (300214, 299172, 8, 'city_of_birth', 297479, 'comune_nascita', 'Città di nascita dello studente');
INSERT INTO "columns" ("column", "relation", "position", "name", "language", "translation", "comment") VALUES (300191, 299127, 1, 'classroom', 297479, 'classe', 'Classe con queste note');
INSERT INTO "columns" ("column", "relation", "position", "name", "language", "translation", "comment") VALUES (300164, 299135, 2, 'on_date', 297479, 'giorno', 'Data di inserimento dell''assenza');
INSERT INTO "columns" ("column", "relation", "position", "name", "language", "translation", "comment") VALUES (300174, 299135, 12, 'explanation_created_on', 297479, 'giustificazione_creata_il', 'Data di inserimento della giustifica');
INSERT INTO "columns" ("column", "relation", "position", "name", "language", "translation", "comment") VALUES (300178, 299135, 16, 'explanation_registered_on', 297479, 'giustificazione_registrata_il', 'Data di registrazione della giustifica');
INSERT INTO "columns" ("column", "relation", "position", "name", "language", "translation", "comment") VALUES (300173, 299135, 11, 'explanation_description', 297479, 'giustificazione_descrizione', 'Descrizione della giustificazione');
INSERT INTO "columns" ("column", "relation", "position", "name", "language", "translation", "comment") VALUES (300186, 299116, 2, 'month', 297479, 'mese', 'Mese per il ritardo');
INSERT INTO "columns" ("column", "relation", "position", "name", "language", "translation", "comment") VALUES (300195, 299101, 2, 'month', 297479, 'mese', 'Mese dell''anno');
INSERT INTO "columns" ("column", "relation", "position", "name", "language", "translation", "comment") VALUES (300180, 299135, 18, 'registered_on_name', 297479, 'registrata_il_nome', 'Nome per il registro per assenze');
INSERT INTO "columns" ("column", "relation", "position", "name", "language", "translation", "comment") VALUES (300193, 299127, 3, 'notes', 297479, 'nota', 'Note del mese');
INSERT INTO "columns" ("column", "relation", "position", "name", "language", "translation", "comment") VALUES (300196, 299101, 3, 'out_of_classrooms', 297479, 'fuori_classi', 'Fuori dalla classe di questo mese');
INSERT INTO "columns" ("column", "relation", "position", "name", "language", "translation", "comment") VALUES (300202, 299099, 2, 'person', 297479, 'persona', 'Persona che ha questo indirizzo');
INSERT INTO "columns" ("column", "relation", "position", "name", "language", "translation", "comment") VALUES (300235, 299154, 3, 'delays_certified', 297479, 'ritardi_certificati', 'Visualizza tutti i ritardi giustificati');
INSERT INTO "columns" ("column", "relation", "position", "name", "language", "translation", "comment") VALUES (300625, 299081, 6, 'course_year', 297479, 'anno_corso', 'Anno scolastico con queste statistiche sulle valutazioni');
INSERT INTO "columns" ("column", "relation", "position", "name", "language", "translation", "comment") VALUES (300268, 299076, 13, 'delays_certified', 297479, 'ritardi_certificati', 'Ritardi certificati');
INSERT INTO "columns" ("column", "relation", "position", "name", "language", "translation", "comment") VALUES (300628, 299081, 9, 'building_description', 297479, 'plesso_descrizione', 'Descrizione del plesso');
INSERT INTO "columns" ("column", "relation", "position", "name", "language", "translation", "comment") VALUES (300264, 299076, 9, 'city_of_birth_description', 297479, 'comune_nascita_descrizione', 'Descrizione del comune di nascita');
INSERT INTO "columns" ("column", "relation", "position", "name", "language", "translation", "comment") VALUES (300269, 299076, 14, 'leavings_certified', 297479, 'uscite_certificati', 'Le uscite giustificate della classe');
INSERT INTO "columns" ("column", "relation", "position", "name", "language", "translation", "comment") VALUES (300621, 299081, 2, 'subject', 297479, 'materia', 'Statistiche della materia');
INSERT INTO "columns" ("column", "relation", "position", "name", "language", "translation", "comment") VALUES (300259, 299076, 4, 'tax_code', 297479, 'codice_fiscale', 'Codice fiscale dell''insegnante');
INSERT INTO "columns" ("column", "relation", "position", "name", "language", "translation", "comment") VALUES (300273, 299132, 2, 'teacher', 297479, 'docente', 'Insegnante con questa materia');
INSERT INTO "columns" ("column", "relation", "position", "name", "language", "translation", "comment") VALUES (300258, 299076, 3, 'thumbnail', 297479, 'foto_miniatura', 'Miniatura dello studente');
INSERT INTO "columns" ("column", "relation", "position", "name", "language", "translation", "comment") VALUES (300631, 299081, 12, 'media', 297479, 'media', 'Media della valutazione');
INSERT INTO "columns" ("column", "relation", "position", "name", "language", "translation", "comment") VALUES (711876, 711860, 4, 'info', 297479, 'info', 'Contiene tutti i meta data in formato xml come le api di wikimedia');
INSERT INTO "columns" ("column", "relation", "position", "name", "language", "translation", "comment") VALUES (711899, 711864, 4, 'course_year', 297479, 'corso_anno', 'Anno scolastico con queste qualifiche');
INSERT INTO "columns" ("column", "relation", "position", "name", "language", "translation", "comment") VALUES (711898, 711864, 3, 'degree', 297479, 'diploma', 'Diploma delle qualificazioni');
INSERT INTO "columns" ("column", "relation", "position", "name", "language", "translation", "comment") VALUES (300267, 299076, 12, 'absences_certified', 297479, 'assenze_certificati', 'Assenze giustificate della classe');
INSERT INTO "columns" ("column", "relation", "position", "name", "language", "translation", "comment") VALUES (300295, 299103, 2, 'description', 297479, 'descrizione', 'Descrizione per le nazioni');
INSERT INTO "columns" ("column", "relation", "position", "name", "language", "translation", "comment") VALUES (300276, 299100, 2, 'description', 297479, 'descrizione', 'Descrizione del tipo di comunicazione');
INSERT INTO "columns" ("column", "relation", "position", "name", "language", "translation", "comment") VALUES (300293, 299086, 3, 'invited', 297479, 'invitato', 'Controllo se è invitato');
INSERT INTO "columns" ("column", "relation", "position", "name", "language", "translation", "comment") VALUES (300270, 299076, 15, 'out_of_classroom_certified', 297479, 'fuori_classe_certificati', 'Controllo se è fuori dalla classe certificato');
INSERT INTO "columns" ("column", "relation", "position", "name", "language", "translation", "comment") VALUES (300306, 299130, 1, 'classroom', 297479, 'classe', 'Classe per i ritardi');
INSERT INTO "columns" ("column", "relation", "position", "name", "language", "translation", "comment") VALUES (300263, 299076, 8, 'born', 297479, 'nato', 'Data di nascita dell''insegnante');
INSERT INTO "columns" ("column", "relation", "position", "name", "language", "translation", "comment") VALUES (300308, 299130, 3, 'at_time', 297479, 'ora', 'Data del ritardo, orario di entrata a scuola');
INSERT INTO "columns" ("column", "relation", "position", "name", "language", "translation", "comment") VALUES (300251, 299145, 4, 'on_date', 297479, 'giorno', 'Giorno della firma');
INSERT INTO "columns" ("column", "relation", "position", "name", "language", "translation", "comment") VALUES (300265, 299076, 10, 'lessons', 297479, 'lezioni', 'Lezioni della classe');
INSERT INTO "columns" ("column", "relation", "position", "name", "language", "translation", "comment") VALUES (300246, 299176, 2, 'school_operator', 297479, 'addetto_scolastico', 'Visualizza tutti gli insegnanti con gli studenti fuori dalla classe');
INSERT INTO "columns" ("column", "relation", "position", "name", "language", "translation", "comment") VALUES (300255, 299164, 3, 'signatures', 297479, 'firme', 'Visualizza tutte le firme');
INSERT INTO "columns" ("column", "relation", "position", "name", "language", "translation", "comment") VALUES (300260, 299076, 5, 'surname', 297479, 'cognome', 'Cognome');
INSERT INTO "columns" ("column", "relation", "position", "name", "language", "translation", "comment") VALUES (305952, 299124, 5, 'lessons_duration', 297479, 'durata_lezioni', 'Durata delle lezioni');
INSERT INTO "columns" ("column", "relation", "position", "name", "language", "translation", "comment") VALUES (305954, 305950, 1, 'usename', 297479, 'usename', 'Usename della persona');
INSERT INTO "columns" ("column", "relation", "position", "name", "language", "translation", "comment") VALUES (305955, 305950, 2, 'token', 297479, 'token', 'Usato per il reset della password');
INSERT INTO "columns" ("column", "relation", "position", "name", "language", "translation", "comment") VALUES (300057, 299146, 7, 'classroom_student', 297479, 'classe_alunno', 'Classe dello studente');
INSERT INTO "columns" ("column", "relation", "position", "name", "language", "translation", "comment") VALUES (300055, 299146, 6, 'to_time', 297479, 'alle', 'Orario di ritorno');
INSERT INTO "columns" ("column", "relation", "position", "name", "language", "translation", "comment") VALUES (300090, 299105, 15, 'leavings_not_explained', 297479, 'uscite_non_giustificate', 'Uscite non giustificate della classe');
INSERT INTO "columns" ("column", "relation", "position", "name", "language", "translation", "comment") VALUES (300049, 299146, 1, 'out_of_classroom', 297479, 'fuori_classe', 'Codice identificativo univoco della riga');
INSERT INTO "columns" ("column", "relation", "position", "name", "language", "translation", "comment") VALUES (300096, 299133, 1, 'valutation', 297479, 'valutazione', 'Codice identificativo univoco della riga');
INSERT INTO "columns" ("column", "relation", "position", "name", "language", "translation", "comment") VALUES (711896, 711864, 1, 'qualificationtion_plan', 297479, 'piano_qualifica', 'Codice identificativo univoco della riga');
INSERT INTO "columns" ("column", "relation", "position", "name", "language", "translation", "comment") VALUES (300089, 299105, 14, 'leavings', 297479, 'uscite', 'Uscite dello studente');
INSERT INTO "columns" ("column", "relation", "position", "name", "language", "translation", "comment") VALUES (300093, 299109, 1, 'subject', 297479, 'materia', 'Codice identificativo univoco della riga');
INSERT INTO "columns" ("column", "relation", "position", "name", "language", "translation", "comment") VALUES (300548, 299118, 5, 'valutation', 297479, 'valutazione', 'Codice identificativo univoco della riga');
INSERT INTO "columns" ("column", "relation", "position", "name", "language", "translation", "comment") VALUES (300060, 299126, 3, 'out_of_classrooms', 297479, 'fuori_classi', 'Codice identificativo univoco della riga');
INSERT INTO "columns" ("column", "relation", "position", "name", "language", "translation", "comment") VALUES (300053, 299146, 4, 'on_date', 297479, 'giorno', 'Data per indicare quando fuori dalla classe');
INSERT INTO "columns" ("column", "relation", "position", "name", "language", "translation", "comment") VALUES (300052, 299146, 3, 'description', 297479, 'descrizione', 'Descrizione per le persone fuori dalla classe');
INSERT INTO "columns" ("column", "relation", "position", "name", "language", "translation", "comment") VALUES (300095, 299109, 3, 'description', 297479, 'descrizione', 'Descrizione per la materia');
INSERT INTO "columns" ("column", "relation", "position", "name", "language", "translation", "comment") VALUES (300553, 299118, 10, 'grade_type', 297479, 'tipo_voto', 'Tipo di voto per queste valutazioni');
INSERT INTO "columns" ("column", "relation", "position", "name", "language", "translation", "comment") VALUES (300551, 299118, 8, 'name', 297479, 'nome', 'Nome dello studente con questa valutazione');
INSERT INTO "columns" ("column", "relation", "position", "name", "language", "translation", "comment") VALUES (300092, 299105, 17, 'notes', 297479, 'nota', 'Note degli studenti');
INSERT INTO "columns" ("column", "relation", "position", "name", "language", "translation", "comment") VALUES (300094, 299109, 2, 'school', 297479, 'istituto', 'Scuola con queste materie');
INSERT INTO "columns" ("column", "relation", "position", "name", "language", "translation", "comment") VALUES (300059, 299126, 2, 'student', 297479, 'alunno', 'Studente che è fuori classe');
INSERT INTO "columns" ("column", "relation", "position", "name", "language", "translation", "comment") VALUES (154, 153, 1, 'usename_school', 297479, NULL, 'Unique identification code for the row');
INSERT INTO "columns" ("column", "relation", "position", "name", "language", "translation", "comment") VALUES (155, 153, 2, 'usename', 297479, NULL, 'The session''s usename');
INSERT INTO "columns" ("column", "relation", "position", "name", "language", "translation", "comment") VALUES (156, 153, 3, 'school', 297479, NULL, 'School enabled for the the usename');
INSERT INTO "columns" ("column", "relation", "position", "name", "language", "translation", "comment") VALUES (157, 711862, 5, 'note', 297479, NULL, 'The note for the qualification');
INSERT INTO "columns" ("column", "relation", "position", "name", "language", "translation", "comment") VALUES (300104, 299133, 7, 'private', 297479, 'privata', 'Indica che il voto è visibile solo per il professore che l''ha inserito');
INSERT INTO "columns" ("column", "relation", "position", "name", "language", "translation", "comment") VALUES (150, 299133, 11, 'classroom_student', 297479, 'classe_studente', 'Studente e classe a cui fare riferimento');
INSERT INTO "columns" ("column", "relation", "position", "name", "language", "translation", "comment") VALUES (299972, 299157, 6, 'behavior', 297479, 'condotta', 'Indica la materia usata come condotta');
INSERT INTO "columns" ("column", "relation", "position", "name", "language", "translation", "comment") VALUES (299971, 299157, 7, 'logo', 297479, 'logo', 'Immagine da usare come logo');
INSERT INTO "columns" ("column", "relation", "position", "name", "language", "translation", "comment") VALUES (300102, 299133, 5, 'grade', 297479, 'voto', 'Voto per la valutazione');
INSERT INTO "columns" ("column", "relation", "position", "name", "language", "translation", "comment") VALUES (300107, 299133, 10, 'note', 297479, 'nota', 'Nota associata alla valutazione');
INSERT INTO "columns" ("column", "relation", "position", "name", "language", "translation", "comment") VALUES (300106, 299133, 9, 'on_date', 297479, 'giorno', 'Data di inserimento dela valutazione');
INSERT INTO "columns" ("column", "relation", "position", "name", "language", "translation", "comment") VALUES (300105, 299133, 8, 'teacher', 297479, 'docente', 'La colonna dell''insegnante è inserita perché durante l''anno potrebbe essere cambiato, in questo modo viene tenuta traccia di chi inserisce il valore');
INSERT INTO "columns" ("column", "relation", "position", "name", "language", "translation", "comment") VALUES (300101, 299133, 4, 'topic', 297479, 'argomento', 'Argomento di queste valutazioni');
INSERT INTO "columns" ("column", "relation", "position", "name", "language", "translation", "comment") VALUES (300099, 299133, 2, 'subject', 297479, 'materia', 'Materia con questi voti');
INSERT INTO "columns" ("column", "relation", "position", "name", "language", "translation", "comment") VALUES (300100, 299133, 3, 'grade_type', 297479, 'tipo_voto', 'Tipo di voto');
INSERT INTO "columns" ("column", "relation", "position", "name", "language", "translation", "comment") VALUES (171, 305950, 3, 'language', 297479, NULL, 'Preferred language for the user');


ALTER TABLE "columns" ENABLE TRIGGER ALL;

--
-- Name: pk_seq; Type: SEQUENCE SET; Schema: translate; Owner: postgres
--

SELECT pg_catalog.setval('"pk_seq"', 183, true);


--
-- Data for Name: procedures; Type: TABLE DATA; Schema: translate; Owner: postgres
--

ALTER TABLE "procedures" DISABLE TRIGGER ALL;

INSERT INTO "procedures" ("procedure", "name", "language", "translation", "arguments_name", "arguments_name_translation", "comment", "arguments_type") VALUES (24, 'wikimedia_5_persons_popolate_files', 297479, 'wikimedia_5_popolazione_persone_files', '{message}', '{messagio}', 'Sposta le foto dal database delle persone sul file system', '{text}');
INSERT INTO "procedures" ("procedure", "name", "language", "translation", "arguments_name", "arguments_name_translation", "comment", "arguments_type") VALUES (27, 'wikimedia_2_wikimedia_files_hydration', 297479, 'wikimedia_2_idratazione_files_wikimedia', '{_count,_message}', '{_conteggio,_messaggio}', 'Scarica e salva le foto di wikimedia sul database', '{integer,text}');
INSERT INTO "procedures" ("procedure", "name", "language", "translation", "arguments_name", "arguments_name_translation", "comment", "arguments_type") VALUES (33, 'italian_fiscal_code', 297479, 'codice_fiscale_italiano', '{_name,_surname,_sex,_birthday,_country_of_birth,_city_of_birth}', '{_nome,_cognome,_sesso,_data_di_nascita,_paese_di_nascita,_citta_di_nascita}', 'Genera il codice fiscale italiano', '{"character varying","character varying",sex,date,smallint,"character varying"}');
INSERT INTO "procedures" ("procedure", "name", "language", "translation", "arguments_name", "arguments_name_translation", "comment", "arguments_type") VALUES (12, 'mime_type', 297479, 'tipo_mime', '{p_file_extension}', '{p_file_extension}', 'Richiama a mime_type da file_extension', '{file_extension}');
INSERT INTO "procedures" ("procedure", "name", "language", "translation", "arguments_name", "arguments_name_translation", "comment", "arguments_type") VALUES (36, 'file_extension', 297479, 'estensione_file', '{p_mime_type}', '{p_mime_type}', 'Richiama a file_extension da mime_type', '{mime_type}');
INSERT INTO "procedures" ("procedure", "name", "language", "translation", "arguments_name", "arguments_name_translation", "comment", "arguments_type") VALUES (15, 'wikimedia_0_reset', 297479, 'wikimedia_0_resetta', '{_message}', '{_messagio}', 'Rimuove tutte le foto di wikimedia', '{text}');
INSERT INTO "procedures" ("procedure", "name", "language", "translation", "arguments_name", "arguments_name_translation", "comment", "arguments_type") VALUES (18, 'wikimedia_3_wikimedia_files_popolate_files', 297479, 'wikimedia_3_popolazione_files_wikimedia', '{message}', '{messagio}', 'Sposta le foto dal database al file system', '{text}');
INSERT INTO "procedures" ("procedure", "name", "language", "translation", "arguments_name", "arguments_name_translation", "comment", "arguments_type") VALUES (21, 'wikimedia_4_persons_hydration', 297479, 'wikimedia_4_idratazione_persone', '{message}', '{messagio}', 'Scarica e salva le foto di wikimedia sulle persone', '{text}');
INSERT INTO "procedures" ("procedure", "name", "language", "translation", "arguments_name", "arguments_name_translation", "comment", "arguments_type") VALUES (300743, 'topics_upd_rid', 297479, 'argomenti_upd_rid', '{p_rv,p_topic,p_description}', '{p_rv,p_argomento,p_descrizione}', 'Aggiorna un argomentazione', '{bigint,bigint,"character varying"}');
INSERT INTO "procedures" ("procedure", "name", "language", "translation", "arguments_name", "arguments_name_translation", "comment", "arguments_type") VALUES (300755, 'subjects_sel', 297479, 'materie_sel', '{p_rv,p_subject,p_school,p_description}', '{p_rv,p_materia,p_scuola,p_descrizione}', 'Seleziona una materia', '{bigint,bigint,bigint,"character varying"}');
INSERT INTO "procedures" ("procedure", "name", "language", "translation", "arguments_name", "arguments_name_translation", "comment", "arguments_type") VALUES (300796, 'valutations_upd', 297479, 'valutazioni_upd', '{p_rv,p_valutation,p_evaluation,p_private,p_note}', '{p_rv,p_valutazione,p_nota_di_valutazione,p_privato,p_nota}', 'Aggiorna una valutazione', '{bigint,bigint,"character varying",boolean,boolean}');
INSERT INTO "procedures" ("procedure", "name", "language", "translation", "arguments_name", "arguments_name_translation", "comment", "arguments_type") VALUES (711944, 'where_sequence', 297479, 'dove_sequenza', '{name,search_value,table_catalog,table_schema,table_name,column_name,num_time_found}', '{nome,valore_da_cercare,tabella_del_catalogo,tabella_dello_schema,nome_della_tabella,nome_della_colonna,num_volte_trovata}', 'Ritorna dove si trova una sequenza', '{text,bigint,information_schema.sql_identifier,information_schema.sql_identifier,information_schema.sql_identifier,information_schema.sql_identifier,bigint}');
INSERT INTO "procedures" ("procedure", "name", "language", "translation", "arguments_name", "arguments_name_translation", "comment", "arguments_type") VALUES (42, 'wikimedia_1_recreate_wikimedia_files_persons', 297479, 'wikimedia_1_ricrea_files_persone_wikimedia', '{message}', '{messagio}', 'Scarica e assegna di nuovo a rotazione tutte le foto alle persone da wikimedia', '{text}');
INSERT INTO "procedures" ("procedure", "name", "language", "translation", "arguments_name", "arguments_name_translation", "comment", "arguments_type") VALUES (45, 'in_any_roles', 297479, 'in_qualsiasi_ruolo', '{_roles}', '{_ruoli}', 'Controlla se l''utente corrente è nei ruoli richiesti', '{role[]}');
INSERT INTO "procedures" ("procedure", "name", "language", "translation", "arguments_name", "arguments_name_translation", "comment", "arguments_type") VALUES (48, 'in_any_roles', 297479, 'in_qualsiasi_ruolo', '{_person,_roles}', '{_persona,_ruoli}', 'Controlla se la persona scritta è nei ruoli richiesti', '{bigint,role[]}');
INSERT INTO "procedures" ("procedure", "name", "language", "translation", "arguments_name", "arguments_name_translation", "comment", "arguments_type") VALUES (51, 'in_any_roles', 297479, 'in_qualsiasi_ruolo', '{_usename,_roles}', '{_utente,_ruoli}', 'Controlla se l''utente scritto è nei ruoli richiesti', '{"character varying",role[]}');
INSERT INTO "procedures" ("procedure", "name", "language", "translation", "arguments_name", "arguments_name_translation", "comment", "arguments_type") VALUES (300698, 'valutations_sel', 297479, 'valutazioni_sel', '{p_rv,p_valutation,p_evaluation,p_private,p_note}', '{p_rv,p_valutazione,p_note_di_valutazione,p_privato,p_nota}', 'Seleziona una valutazione', '{bigint,bigint,"character varying",boolean,boolean}');
INSERT INTO "procedures" ("procedure", "name", "language", "translation", "arguments_name", "arguments_name_translation", "comment", "arguments_type") VALUES (300739, 'schools_del_cascade', 297479, 'istituti_del_cascade', '{_school_to_delete,_table_name,_record_deleted}', '{_scuola_da_cancellare,_nome_tabella,_righe_cancellate}', 'Elimina una scuola e altre dipendenze', '{bigint,"character varying",bigint}');
INSERT INTO "procedures" ("procedure", "name", "language", "translation", "arguments_name", "arguments_name_translation", "comment", "arguments_type") VALUES (711941, 'schools_lookup', 297479, 'consulta_scuole', '{_school,_schools}', '{_scuola,_scuole}', 'Ottiene la lista delle consulte per scuola', '{bigint,schools}');
INSERT INTO "procedures" ("procedure", "name", "language", "translation", "arguments_name", "arguments_name_translation", "comment", "arguments_type") VALUES (300691, 'photo_default', 297479, 'foto_default', NULL, NULL, 'Ritorna la foto di default', '{}');
INSERT INTO "procedures" ("procedure", "name", "language", "translation", "arguments_name", "arguments_name_translation", "comment", "arguments_type") VALUES (711902, 'qualifications_tree', 297479, 'albero_qualifiche', NULL, NULL, 'Ritorna l''albero delle qualifiche', '{}');
INSERT INTO "procedures" ("procedure", "name", "language", "translation", "arguments_name", "arguments_name_translation", "comment", "arguments_type") VALUES (711909, 'schools_lookup', 297479, 'consulta_scuole', '{_school,_schools}', '{_scuola,_scuole}', 'Ottiene la lista delle consulte per scuola', '{integer,schools}');
INSERT INTO "procedures" ("procedure", "name", "language", "translation", "arguments_name", "arguments_name_translation", "comment", "arguments_type") VALUES (711910, 'statistics', 297479, 'statistiche', '{_message}', '{_messaggio}', 'Ritorna tutte le statistiche', '{text}');
INSERT INTO "procedures" ("procedure", "name", "language", "translation", "arguments_name", "arguments_name_translation", "comment", "arguments_type") VALUES (300704, 'session_person', 297479, 'sessione_persona', '{p_school}', '{p_scuola}', 'Controlla la sessione della persona', '{bigint}');
INSERT INTO "procedures" ("procedure", "name", "language", "translation", "arguments_name", "arguments_name_translation", "comment", "arguments_type") VALUES (300765, 'thumbnail_default', 297479, 'foto_miniatura_demancanza', NULL, NULL, 'Ritorna la miniatura di default', '{}');
INSERT INTO "procedures" ("procedure", "name", "language", "translation", "arguments_name", "arguments_name_translation", "comment", "arguments_type") VALUES (300752, 'topics_del', 297479, 'argomenti_del', '{p_rv,p_topic}', '{p_rv,p_argomento}', 'Elimina un argomentazione', '{bigint,bigint}');
INSERT INTO "procedures" ("procedure", "name", "language", "translation", "arguments_name", "arguments_name_translation", "comment", "arguments_type") VALUES (300754, 'w_classrooms_ex', 297479, 'w_classi_ex', NULL, NULL, 'Ritorna le classi con altre informazioni', '{}');
INSERT INTO "procedures" ("procedure", "name", "language", "translation", "arguments_name", "arguments_name_translation", "comment", "arguments_type") VALUES (300769, 'valutations_ins_note', 297479, 'valutazioni_ins_nota', '{p_rv,p_note,p_valutation}', '{p_rv,p_nota,p_valutazione}', 'Inserisce una nota per la valutazione', '{bigint,bigint,bigint}');
INSERT INTO "procedures" ("procedure", "name", "language", "translation", "arguments_name", "arguments_name_translation", "comment", "arguments_type") VALUES (173, 'classrooms_lookup', 297479, NULL, '{_classroom,_classrooms}', NULL, NULL, '{bigint,classrooms}');
INSERT INTO "procedures" ("procedure", "name", "language", "translation", "arguments_name", "arguments_name_translation", "comment", "arguments_type") VALUES (300717, 'weekly_timetable_xt_teacher', 297479, 'orario_settimanale_xt_docente', '{p_weekly_timetable,period,lunedì,martedì,mercoledì,giovedì,venerdì,sabato}', '{p_orario_settimanale,periodo,lunedì,martedì,mercoledì,giovedì,venerdì,sabato}', 'Visualizza l''orario settimanale dov''è presente il professore richiesto', '{bigint,text,text,text,text,text,text,text}');
INSERT INTO "procedures" ("procedure", "name", "language", "translation", "arguments_name", "arguments_name_translation", "comment", "arguments_type") VALUES (300795, 'valutations_del', 297479, 'valutazioni_del', '{p_rv,p_valutation}', '{p_rv,p_valutazione}', 'Elimina una valutazione', '{bigint,bigint}');
INSERT INTO "procedures" ("procedure", "name", "language", "translation", "arguments_name", "arguments_name_translation", "comment", "arguments_type") VALUES (300714, 'w_weekly_timetables_days_ex', 297479, 'w_orari_settimanali_giorni_ex', NULL, NULL, 'Ritorna l''orario settimanale con tutti i giorni e altre informazioni', '{}');
INSERT INTO "procedures" ("procedure", "name", "language", "translation", "arguments_name", "arguments_name_translation", "comment", "arguments_type") VALUES (300787, 'w_classrooms_students_ex', 297479, 'w_classi_alunni_ex', NULL, NULL, 'Ritorna gli studenti di tutte le classi con altre informazioni', '{}');
INSERT INTO "procedures" ("procedure", "name", "language", "translation", "arguments_name", "arguments_name_translation", "comment", "arguments_type") VALUES (300789, 'w_weekly_timetable_ex', 297479, 'w_orario_settimanale_ex', NULL, NULL, 'Ritorna l''orario settimanale con altre informazioni', '{}');
INSERT INTO "procedures" ("procedure", "name", "language", "translation", "arguments_name", "arguments_name_translation", "comment", "arguments_type") VALUES (300702, 'persons_sel_thumbnail', 297479, 'persone_sel_foto_miniatura', '{p_person}', '{p_persona}', 'Seleziona la miniatura di una persona', '{bigint}');
INSERT INTO "procedures" ("procedure", "name", "language", "translation", "arguments_name", "arguments_name_translation", "comment", "arguments_type") VALUES (300719, 'persons_surname_name', 297479, 'personae_cognome_nome', '{p_person}', '{p_persona}', 'Ritorna il nome e cognome di una persona', '{bigint}');
INSERT INTO "procedures" ("procedure", "name", "language", "translation", "arguments_name", "arguments_name_translation", "comment", "arguments_type") VALUES (300720, 'weekly_timetable_xt_subject', 297479, 'orario_settimanale_xt_materia', '{p_weekly_timetable,period,lunedì,martedì,mercoledì,giovedì,venerdì,sabato}', '{p_orario_settimanale,periodo,lunedì,martedì,mercoledì,giovedì,venerdì,sabato}', 'Visualizza l''orario settimanale dov''è presente la materia richiesta', '{bigint,text,text,text,text,text,text,text}');
INSERT INTO "procedures" ("procedure", "name", "language", "translation", "arguments_name", "arguments_name_translation", "comment", "arguments_type") VALUES (300725, 'subjects_del', 297479, 'materie_del', '{p_rv,p_subject}', '{p_rv,p_materia}', 'Elimina una materia', '{bigint,bigint}');
INSERT INTO "procedures" ("procedure", "name", "language", "translation", "arguments_name", "arguments_name_translation", "comment", "arguments_type") VALUES (300746, 'valutations_upd_grade', 297479, 'valutazioni_upd_voto', '{p_rv,p_valutation,p_grade}', '{p_rv,p_valutazione,p_voto}', 'Aggiorna il sistema di valutazione', '{bigint,bigint,bigint}');
INSERT INTO "procedures" ("procedure", "name", "language", "translation", "arguments_name", "arguments_name_translation", "comment", "arguments_type") VALUES (300750, 'topics_ins_rid', 297479, 'argomenti_ins_rid', '{p_rv,p_topic,p_subject,p_description,p_classroom}', '{p_rv,p_argomento,p_materia,p_descrizione,p_classe}', 'Inserisce un argomentazione', '{bigint,bigint,bigint,"character varying",bigint}');
INSERT INTO "procedures" ("procedure", "name", "language", "translation", "arguments_name", "arguments_name_translation", "comment", "arguments_type") VALUES (300758, 'schools_del', 297479, 'istituti_del', '{p_rv,p_school}', '{p_rv,p_scuola}', 'Elimina una scuola', '{bigint,bigint}');
INSERT INTO "procedures" ("procedure", "name", "language", "translation", "arguments_name", "arguments_name_translation", "comment", "arguments_type") VALUES (300779, 'grid_valutations_rows_by_classroom_teacher_subject', 297479, 'griglia_valutazioni_righe_by_classe_docente_materia', '{p_classroom,p_teacher,p_subject,student,surname,name,absences,delays,leavings,out_of_classroom,notes,faults,behavior,rvs,valutations,grades}', '{p_classe,p_insegnante,p_materia,studente,cognome,nome,assenze,ritardi,uscite,fuori_classe,note,mancanze,condotta,rvs,valutazioni,voti}', 'Visualizza la griglia delle valutazioni ordinata per righe', '{bigint,bigint,bigint,bigint,"character varying","character varying",integer,integer,integer,integer,integer,integer,"character varying",bigint[],bigint[],bigint[]}');
INSERT INTO "procedures" ("procedure", "name", "language", "translation", "arguments_name", "arguments_name_translation", "comment", "arguments_type") VALUES (300800, 'w_classrooms_teachers_subjects_ex', 297479, 'w_classi_docenti_materie_ex', NULL, NULL, 'Ritorna tutti gli insegnanti con la loro materia e altre informazioni', '{}');
INSERT INTO "procedures" ("procedure", "name", "language", "translation", "arguments_name", "arguments_name_translation", "comment", "arguments_type") VALUES (306028, 'schools_enabled', 297479, 'scuole_attive', NULL, NULL, 'Ritorna le scuole attive', '{}');
INSERT INTO "procedures" ("procedure", "name", "language", "translation", "arguments_name", "arguments_name_translation", "comment", "arguments_type") VALUES (158, 'subjects_ins', 297479, NULL, '{_rv,_subject,_school,_description}', NULL, NULL, '{bigint,bigint,bigint,"character varying"}');
INSERT INTO "procedures" ("procedure", "name", "language", "translation", "arguments_name", "arguments_name_translation", "comment", "arguments_type") VALUES (159, 'schools_ins', 297479, NULL, '{_rv,_school,_description,_processing_code,_mnemonic,_example}', NULL, 'Insert a school', '{bigint,bigint,"character varying","character varying","character varying",boolean}');
INSERT INTO "procedures" ("procedure", "name", "language", "translation", "arguments_name", "arguments_name_translation", "comment", "arguments_type") VALUES (160, 'current_persons', 297479, NULL, NULL, NULL, NULL, '{}');
INSERT INTO "procedures" ("procedure", "name", "language", "translation", "arguments_name", "arguments_name_translation", "comment", "arguments_type") VALUES (161, 'login', 297479, NULL, '{_username,_password}', NULL, NULL, '{text,text}');
INSERT INTO "procedures" ("procedure", "name", "language", "translation", "arguments_name", "arguments_name_translation", "comment", "arguments_type") VALUES (162, 'schools_ins', 297479, NULL, '{_rv,_school,_description,_processing_code,_mnemonic,_example,_logo}', NULL, NULL, '{bigint,bigint,"character varying","character varying","character varying",boolean,image}');
INSERT INTO "procedures" ("procedure", "name", "language", "translation", "arguments_name", "arguments_name_translation", "comment", "arguments_type") VALUES (163, 'schools_sel_logo', 297479, NULL, '{_school,_logo}', NULL, '<public>', '{bigint,image}');
INSERT INTO "procedures" ("procedure", "name", "language", "translation", "arguments_name", "arguments_name_translation", "comment", "arguments_type") VALUES (164, 'schools_sel', 297479, NULL, '{_rv,_school,_description,_processing_code,_mnemonic,_example,_behavior,_logo_mime_type,_logo_content}', NULL, 'Select a school', '{bigint,bigint,"character varying","character varying","character varying",boolean,bigint,mime_type_image,bytea}');
INSERT INTO "procedures" ("procedure", "name", "language", "translation", "arguments_name", "arguments_name_translation", "comment", "arguments_type") VALUES (165, 'schools_upd', 297479, NULL, '{_rv,_school,_description,_processing_code,_mnemonic,_example,_behavior,_logo}', NULL, NULL, '{bigint,bigint,"character varying","character varying","character varying",boolean,bigint,image}');
INSERT INTO "procedures" ("procedure", "name", "language", "translation", "arguments_name", "arguments_name_translation", "comment", "arguments_type") VALUES (166, 'schools_upd_logo', 297479, NULL, '{_rv,_school,_logo}', NULL, 'Update the logo of a school', '{bigint,bigint,image}');
INSERT INTO "procedures" ("procedure", "name", "language", "translation", "arguments_name", "arguments_name_translation", "comment", "arguments_type") VALUES (167, 'schools_upd', 297479, NULL, '{_rv,_school,_description,_processing_code,_mnemonic,_example,_behavior}', NULL, NULL, '{bigint,bigint,"character varying","character varying","character varying",boolean,bigint}');
INSERT INTO "procedures" ("procedure", "name", "language", "translation", "arguments_name", "arguments_name_translation", "comment", "arguments_type") VALUES (168, 'session_persons', 297479, NULL, NULL, NULL, NULL, '{}');
INSERT INTO "procedures" ("procedure", "name", "language", "translation", "arguments_name", "arguments_name_translation", "comment", "arguments_type") VALUES (169, 'subjects_upd', 297479, NULL, '{_rv,_subject,_school,_description}', NULL, 'Update a subject', '{bigint,bigint,bigint,"character varying"}');
INSERT INTO "procedures" ("procedure", "name", "language", "translation", "arguments_name", "arguments_name_translation", "comment", "arguments_type") VALUES (170, 'valutations_ins', 297479, NULL, '{_rv,_valutation,_classroom_student,_subject,_grade_type,_topic,_grade,_evaluation,_private,_teacher,_on_date}', NULL, NULL, '{bigint,bigint,bigint,bigint,bigint,bigint,bigint,"character varying",boolean,bigint,date}');
INSERT INTO "procedures" ("procedure", "name", "language", "translation", "arguments_name", "arguments_name_translation", "comment", "arguments_type") VALUES (172, 'classrooms_lookup', 297479, NULL, '{_classroom,_classrooms}', NULL, NULL, '{integer,classrooms}');
INSERT INTO "procedures" ("procedure", "name", "language", "translation", "arguments_name", "arguments_name_translation", "comment", "arguments_type") VALUES (174, 'persons_lookup', 297479, NULL, '{_person,_persons}', NULL, NULL, '{integer,persons}');
INSERT INTO "procedures" ("procedure", "name", "language", "translation", "arguments_name", "arguments_name_translation", "comment", "arguments_type") VALUES (175, 'persons_lookup', 297479, NULL, '{_person,_persons}', NULL, NULL, '{bigint,persons}');
INSERT INTO "procedures" ("procedure", "name", "language", "translation", "arguments_name", "arguments_name_translation", "comment", "arguments_type") VALUES (176, 'regions_lookup', 297479, NULL, '{_region,_regions}', NULL, NULL, '{integer,regions}');
INSERT INTO "procedures" ("procedure", "name", "language", "translation", "arguments_name", "arguments_name_translation", "comment", "arguments_type") VALUES (177, 'school_years_lookup', 297479, NULL, '{_school_year,_school_years}', NULL, NULL, '{integer,school_years}');
INSERT INTO "procedures" ("procedure", "name", "language", "translation", "arguments_name", "arguments_name_translation", "comment", "arguments_type") VALUES (178, 'school_years_lookup', 297479, NULL, '{_school_year,_school_years}', NULL, NULL, '{bigint,school_years}');
INSERT INTO "procedures" ("procedure", "name", "language", "translation", "arguments_name", "arguments_name_translation", "comment", "arguments_type") VALUES (179, 'subjects_lookup', 297479, NULL, '{_subject,_subjects}', NULL, NULL, '{integer,subjects}');
INSERT INTO "procedures" ("procedure", "name", "language", "translation", "arguments_name", "arguments_name_translation", "comment", "arguments_type") VALUES (180, 'subjects_lookup', 297479, NULL, '{_subject,_subjects}', NULL, NULL, '{bigint,subjects}');
INSERT INTO "procedures" ("procedure", "name", "language", "translation", "arguments_name", "arguments_name_translation", "comment", "arguments_type") VALUES (181, 'cities_lookup', 297479, NULL, '{_city,_cities}', NULL, NULL, '{character,cities}');
INSERT INTO "procedures" ("procedure", "name", "language", "translation", "arguments_name", "arguments_name_translation", "comment", "arguments_type") VALUES (182, 'districts_lookup', 297479, NULL, '{_district,_districts}', NULL, NULL, '{character,districts}');
INSERT INTO "procedures" ("procedure", "name", "language", "translation", "arguments_name", "arguments_name_translation", "comment", "arguments_type") VALUES (183, 'regions_lookup', 297479, NULL, '{_region,_regions}', NULL, NULL, '{smallint,regions}');


ALTER TABLE "procedures" ENABLE TRIGGER ALL;

--
-- Data for Name: procedures_excluded; Type: TABLE DATA; Schema: translate; Owner: postgres
--

ALTER TABLE "procedures_excluded" DISABLE TRIGGER ALL;

INSERT INTO "procedures_excluded" ("procedure_excluded", "name") VALUES (1, 'gbt_bytea_same');
INSERT INTO "procedures_excluded" ("procedure_excluded", "name") VALUES (2, 'connectby');
INSERT INTO "procedures_excluded" ("procedure_excluded", "name") VALUES (3, 'gbt_numeric_picksplit');
INSERT INTO "procedures_excluded" ("procedure_excluded", "name") VALUES (4, 'gbtreekey32_out');
INSERT INTO "procedures_excluded" ("procedure_excluded", "name") VALUES (5, 'gbt_float8_same');
INSERT INTO "procedures_excluded" ("procedure_excluded", "name") VALUES (6, 'gbt_bit_compress');
INSERT INTO "procedures_excluded" ("procedure_excluded", "name") VALUES (8, 'pldbg_attach_to_port');
INSERT INTO "procedures_excluded" ("procedure_excluded", "name") VALUES (10, 'gbt_macad_fetch');
INSERT INTO "procedures_excluded" ("procedure_excluded", "name") VALUES (13, 'gbt_var_decompress');
INSERT INTO "procedures_excluded" ("procedure_excluded", "name") VALUES (14, 'gbt_cash_consistent');
INSERT INTO "procedures_excluded" ("procedure_excluded", "name") VALUES (15, 'gbt_int4_consistent');
INSERT INTO "procedures_excluded" ("procedure_excluded", "name") VALUES (16, 'pldbg_set_breakpoint');
INSERT INTO "procedures_excluded" ("procedure_excluded", "name") VALUES (17, '__plpgsql_check_function_tb');
INSERT INTO "procedures_excluded" ("procedure_excluded", "name") VALUES (19, 'plpgsql_check_function');
INSERT INTO "procedures_excluded" ("procedure_excluded", "name") VALUES (20, 'gbt_oid_distance');
INSERT INTO "procedures_excluded" ("procedure_excluded", "name") VALUES (21, 'gbt_numeric_same');
INSERT INTO "procedures_excluded" ("procedure_excluded", "name") VALUES (24, 'gbt_int8_fetch');
INSERT INTO "procedures_excluded" ("procedure_excluded", "name") VALUES (27, 'gbt_date_compress');
INSERT INTO "procedures_excluded" ("procedure_excluded", "name") VALUES (28, 'gbt_float4_picksplit');
INSERT INTO "procedures_excluded" ("procedure_excluded", "name") VALUES (29, 'gbt_macad_union');
INSERT INTO "procedures_excluded" ("procedure_excluded", "name") VALUES (30, 'gbt_cash_fetch');
INSERT INTO "procedures_excluded" ("procedure_excluded", "name") VALUES (31, 'float4_dist');
INSERT INTO "procedures_excluded" ("procedure_excluded", "name") VALUES (33, 'gbt_float4_penalty');
INSERT INTO "procedures_excluded" ("procedure_excluded", "name") VALUES (34, 'gbt_intv_compress');
INSERT INTO "procedures_excluded" ("procedure_excluded", "name") VALUES (35, 'gbt_bytea_consistent');
INSERT INTO "procedures_excluded" ("procedure_excluded", "name") VALUES (36, 'http_delete');
INSERT INTO "procedures_excluded" ("procedure_excluded", "name") VALUES (37, 'gbt_oid_compress');
INSERT INTO "procedures_excluded" ("procedure_excluded", "name") VALUES (38, 'gbt_cash_distance');
INSERT INTO "procedures_excluded" ("procedure_excluded", "name") VALUES (40, 'gbt_macad_same');
INSERT INTO "procedures_excluded" ("procedure_excluded", "name") VALUES (41, 'gbt_date_same');
INSERT INTO "procedures_excluded" ("procedure_excluded", "name") VALUES (42, 'http_put');
INSERT INTO "procedures_excluded" ("procedure_excluded", "name") VALUES (43, 'pldbg_set_global_breakpoint');
INSERT INTO "procedures_excluded" ("procedure_excluded", "name") VALUES (45, 'gbt_macad_picksplit');
INSERT INTO "procedures_excluded" ("procedure_excluded", "name") VALUES (46, 'gbtreekey16_in');
INSERT INTO "procedures_excluded" ("procedure_excluded", "name") VALUES (47, 'pldbg_continue');
INSERT INTO "procedures_excluded" ("procedure_excluded", "name") VALUES (48, 'gbt_int8_distance');
INSERT INTO "procedures_excluded" ("procedure_excluded", "name") VALUES (49, 'gbt_timetz_consistent');
INSERT INTO "procedures_excluded" ("procedure_excluded", "name") VALUES (50, 'gbt_float8_compress');
INSERT INTO "procedures_excluded" ("procedure_excluded", "name") VALUES (51, 'gbt_bit_same');
INSERT INTO "procedures_excluded" ("procedure_excluded", "name") VALUES (53, 'gbt_date_penalty');
INSERT INTO "procedures_excluded" ("procedure_excluded", "name") VALUES (54, 'gbt_text_compress');
INSERT INTO "procedures_excluded" ("procedure_excluded", "name") VALUES (58, 'plpgsql_oid_debug');
INSERT INTO "procedures_excluded" ("procedure_excluded", "name") VALUES (59, '__plpgsql_check_function');
INSERT INTO "procedures_excluded" ("procedure_excluded", "name") VALUES (60, 'gbt_numeric_union');
INSERT INTO "procedures_excluded" ("procedure_excluded", "name") VALUES (64, 'pldbg_step_over');
INSERT INTO "procedures_excluded" ("procedure_excluded", "name") VALUES (65, 'http_header');
INSERT INTO "procedures_excluded" ("procedure_excluded", "name") VALUES (68, 'gbt_var_fetch');
INSERT INTO "procedures_excluded" ("procedure_excluded", "name") VALUES (69, 'gbt_intv_distance');
INSERT INTO "procedures_excluded" ("procedure_excluded", "name") VALUES (70, 'gbt_timetz_compress');
INSERT INTO "procedures_excluded" ("procedure_excluded", "name") VALUES (72, 'gbt_int2_distance');
INSERT INTO "procedures_excluded" ("procedure_excluded", "name") VALUES (73, 'gbt_tstz_compress');
INSERT INTO "procedures_excluded" ("procedure_excluded", "name") VALUES (74, 'gbt_date_consistent');
INSERT INTO "procedures_excluded" ("procedure_excluded", "name") VALUES (75, 'gbtreekey8_in');
INSERT INTO "procedures_excluded" ("procedure_excluded", "name") VALUES (76, 'gbt_cash_same');
INSERT INTO "procedures_excluded" ("procedure_excluded", "name") VALUES (78, 'gbt_oid_picksplit');
INSERT INTO "procedures_excluded" ("procedure_excluded", "name") VALUES (80, 'gbt_cash_penalty');
INSERT INTO "procedures_excluded" ("procedure_excluded", "name") VALUES (82, 'int8_dist');
INSERT INTO "procedures_excluded" ("procedure_excluded", "name") VALUES (83, 'gbt_oid_same');
INSERT INTO "procedures_excluded" ("procedure_excluded", "name") VALUES (84, 'http_post');
INSERT INTO "procedures_excluded" ("procedure_excluded", "name") VALUES (85, 'gbt_tstz_consistent');
INSERT INTO "procedures_excluded" ("procedure_excluded", "name") VALUES (86, 'pldbg_drop_breakpoint');
INSERT INTO "procedures_excluded" ("procedure_excluded", "name") VALUES (87, 'gbt_float4_same');
INSERT INTO "procedures_excluded" ("procedure_excluded", "name") VALUES (88, 'http_get');
INSERT INTO "procedures_excluded" ("procedure_excluded", "name") VALUES (90, 'float8_dist');
INSERT INTO "procedures_excluded" ("procedure_excluded", "name") VALUES (91, 'gbt_bytea_penalty');
INSERT INTO "procedures_excluded" ("procedure_excluded", "name") VALUES (92, 'gbt_text_picksplit');
INSERT INTO "procedures_excluded" ("procedure_excluded", "name") VALUES (95, 'gbt_int4_penalty');
INSERT INTO "procedures_excluded" ("procedure_excluded", "name") VALUES (96, 'gbt_date_picksplit');
INSERT INTO "procedures_excluded" ("procedure_excluded", "name") VALUES (97, 'gbt_intv_fetch');
INSERT INTO "procedures_excluded" ("procedure_excluded", "name") VALUES (99, 'gbt_tstz_distance');
INSERT INTO "procedures_excluded" ("procedure_excluded", "name") VALUES (100, 'pldbg_oid_debug');
INSERT INTO "procedures_excluded" ("procedure_excluded", "name") VALUES (101, 'gbt_float4_distance');
INSERT INTO "procedures_excluded" ("procedure_excluded", "name") VALUES (102, 'gbt_float8_penalty');
INSERT INTO "procedures_excluded" ("procedure_excluded", "name") VALUES (104, 'gbt_int8_consistent');
INSERT INTO "procedures_excluded" ("procedure_excluded", "name") VALUES (105, 'gbt_decompress');
INSERT INTO "procedures_excluded" ("procedure_excluded", "name") VALUES (106, 'gbt_text_consistent');
INSERT INTO "procedures_excluded" ("procedure_excluded", "name") VALUES (107, 'pldbg_step_into');
INSERT INTO "procedures_excluded" ("procedure_excluded", "name") VALUES (108, 'pldbg_create_listener');
INSERT INTO "procedures_excluded" ("procedure_excluded", "name") VALUES (109, 'gbt_float4_union');
INSERT INTO "procedures_excluded" ("procedure_excluded", "name") VALUES (110, 'gbt_int4_fetch');
INSERT INTO "procedures_excluded" ("procedure_excluded", "name") VALUES (111, 'gbt_bytea_union');
INSERT INTO "procedures_excluded" ("procedure_excluded", "name") VALUES (112, 'gbt_ts_same');
INSERT INTO "procedures_excluded" ("procedure_excluded", "name") VALUES (113, 'gbt_float8_consistent');
INSERT INTO "procedures_excluded" ("procedure_excluded", "name") VALUES (114, 'gbt_time_penalty');
INSERT INTO "procedures_excluded" ("procedure_excluded", "name") VALUES (116, 'gbt_int2_same');
INSERT INTO "procedures_excluded" ("procedure_excluded", "name") VALUES (117, 'gbt_bytea_compress');
INSERT INTO "procedures_excluded" ("procedure_excluded", "name") VALUES (118, 'pldbg_select_frame');
INSERT INTO "procedures_excluded" ("procedure_excluded", "name") VALUES (119, 'gbt_ts_consistent');
INSERT INTO "procedures_excluded" ("procedure_excluded", "name") VALUES (120, 'gbt_inet_consistent');
INSERT INTO "procedures_excluded" ("procedure_excluded", "name") VALUES (123, 'gbt_macad_penalty');
INSERT INTO "procedures_excluded" ("procedure_excluded", "name") VALUES (124, 'gbt_numeric_penalty');
INSERT INTO "procedures_excluded" ("procedure_excluded", "name") VALUES (126, 'gbt_time_union');
INSERT INTO "procedures_excluded" ("procedure_excluded", "name") VALUES (127, 'gbt_intv_same');
INSERT INTO "procedures_excluded" ("procedure_excluded", "name") VALUES (130, 'pldbg_get_source');
INSERT INTO "procedures_excluded" ("procedure_excluded", "name") VALUES (131, 'gbt_int2_union');
INSERT INTO "procedures_excluded" ("procedure_excluded", "name") VALUES (132, 'gbt_text_penalty');
INSERT INTO "procedures_excluded" ("procedure_excluded", "name") VALUES (135, 'gbt_float8_picksplit');
INSERT INTO "procedures_excluded" ("procedure_excluded", "name") VALUES (139, 'gbt_int8_picksplit');
INSERT INTO "procedures_excluded" ("procedure_excluded", "name") VALUES (140, 'pldbg_get_stack');
INSERT INTO "procedures_excluded" ("procedure_excluded", "name") VALUES (141, 'gbt_int8_penalty');
INSERT INTO "procedures_excluded" ("procedure_excluded", "name") VALUES (142, 'gbt_intv_decompress');
INSERT INTO "procedures_excluded" ("procedure_excluded", "name") VALUES (143, 'oid_dist');
INSERT INTO "procedures_excluded" ("procedure_excluded", "name") VALUES (144, 'gbt_intv_consistent');
INSERT INTO "procedures_excluded" ("procedure_excluded", "name") VALUES (145, 'gbt_intv_union');
INSERT INTO "procedures_excluded" ("procedure_excluded", "name") VALUES (146, 'gbt_float4_fetch');
INSERT INTO "procedures_excluded" ("procedure_excluded", "name") VALUES (147, 'gbt_ts_compress');
INSERT INTO "procedures_excluded" ("procedure_excluded", "name") VALUES (148, 'gbt_int2_fetch');
INSERT INTO "procedures_excluded" ("procedure_excluded", "name") VALUES (150, 'gbt_time_same');
INSERT INTO "procedures_excluded" ("procedure_excluded", "name") VALUES (151, 'gbt_ts_union');
INSERT INTO "procedures_excluded" ("procedure_excluded", "name") VALUES (154, 'gbt_date_fetch');
INSERT INTO "procedures_excluded" ("procedure_excluded", "name") VALUES (155, 'gbtreekey4_in');
INSERT INTO "procedures_excluded" ("procedure_excluded", "name") VALUES (156, 'gbt_int8_union');
INSERT INTO "procedures_excluded" ("procedure_excluded", "name") VALUES (158, 'gbtreekey_var_out');
INSERT INTO "procedures_excluded" ("procedure_excluded", "name") VALUES (159, 'gbt_float4_compress');
INSERT INTO "procedures_excluded" ("procedure_excluded", "name") VALUES (160, 'gbtreekey4_out');
INSERT INTO "procedures_excluded" ("procedure_excluded", "name") VALUES (161, 'gbt_bit_penalty');
INSERT INTO "procedures_excluded" ("procedure_excluded", "name") VALUES (162, 'pldbg_get_variables');
INSERT INTO "procedures_excluded" ("procedure_excluded", "name") VALUES (163, 'gbt_int4_compress');
INSERT INTO "procedures_excluded" ("procedure_excluded", "name") VALUES (164, 'gbt_float8_union');
INSERT INTO "procedures_excluded" ("procedure_excluded", "name") VALUES (167, 'gbt_bit_union');
INSERT INTO "procedures_excluded" ("procedure_excluded", "name") VALUES (169, 'gbt_float8_fetch');
INSERT INTO "procedures_excluded" ("procedure_excluded", "name") VALUES (170, 'gbt_cash_picksplit');
INSERT INTO "procedures_excluded" ("procedure_excluded", "name") VALUES (171, 'gbt_bit_picksplit');
INSERT INTO "procedures_excluded" ("procedure_excluded", "name") VALUES (172, 'gbt_time_distance');
INSERT INTO "procedures_excluded" ("procedure_excluded", "name") VALUES (173, 'gbt_inet_penalty');
INSERT INTO "procedures_excluded" ("procedure_excluded", "name") VALUES (174, 'gbt_cash_union');
INSERT INTO "procedures_excluded" ("procedure_excluded", "name") VALUES (175, 'http_head');
INSERT INTO "procedures_excluded" ("procedure_excluded", "name") VALUES (176, 'gbt_int8_compress');
INSERT INTO "procedures_excluded" ("procedure_excluded", "name") VALUES (177, 'gbt_ts_picksplit');
INSERT INTO "procedures_excluded" ("procedure_excluded", "name") VALUES (178, 'gbt_time_picksplit');
INSERT INTO "procedures_excluded" ("procedure_excluded", "name") VALUES (179, 'gbt_text_same');
INSERT INTO "procedures_excluded" ("procedure_excluded", "name") VALUES (180, 'gbt_inet_picksplit');
INSERT INTO "procedures_excluded" ("procedure_excluded", "name") VALUES (181, 'gbt_oid_consistent');
INSERT INTO "procedures_excluded" ("procedure_excluded", "name") VALUES (182, 'gbt_int2_consistent');
INSERT INTO "procedures_excluded" ("procedure_excluded", "name") VALUES (183, 'gbt_time_consistent');
INSERT INTO "procedures_excluded" ("procedure_excluded", "name") VALUES (184, 'plpgsql_check_function_tb');
INSERT INTO "procedures_excluded" ("procedure_excluded", "name") VALUES (185, 'gbt_int4_picksplit');
INSERT INTO "procedures_excluded" ("procedure_excluded", "name") VALUES (186, 'crosstab4');
INSERT INTO "procedures_excluded" ("procedure_excluded", "name") VALUES (188, 'gbt_ts_fetch');
INSERT INTO "procedures_excluded" ("procedure_excluded", "name") VALUES (189, 'gbt_int8_same');
INSERT INTO "procedures_excluded" ("procedure_excluded", "name") VALUES (191, 'gbt_time_compress');
INSERT INTO "procedures_excluded" ("procedure_excluded", "name") VALUES (192, 'http');
INSERT INTO "procedures_excluded" ("procedure_excluded", "name") VALUES (193, 'gbt_ts_distance');
INSERT INTO "procedures_excluded" ("procedure_excluded", "name") VALUES (194, 'pldbg_abort_target');
INSERT INTO "procedures_excluded" ("procedure_excluded", "name") VALUES (195, 'pldbg_get_target_info');
INSERT INTO "procedures_excluded" ("procedure_excluded", "name") VALUES (196, 'gbtreekey16_out');
INSERT INTO "procedures_excluded" ("procedure_excluded", "name") VALUES (197, 'gbt_int2_compress');
INSERT INTO "procedures_excluded" ("procedure_excluded", "name") VALUES (198, 'pldbg_wait_for_target');
INSERT INTO "procedures_excluded" ("procedure_excluded", "name") VALUES (200, 'int2_dist');
INSERT INTO "procedures_excluded" ("procedure_excluded", "name") VALUES (202, 'gbt_cash_compress');
INSERT INTO "procedures_excluded" ("procedure_excluded", "name") VALUES (203, 'gbt_ts_penalty');
INSERT INTO "procedures_excluded" ("procedure_excluded", "name") VALUES (204, 'pldbg_wait_for_breakpoint');
INSERT INTO "procedures_excluded" ("procedure_excluded", "name") VALUES (206, 'gbt_text_union');
INSERT INTO "procedures_excluded" ("procedure_excluded", "name") VALUES (207, 'gbt_inet_union');
INSERT INTO "procedures_excluded" ("procedure_excluded", "name") VALUES (208, 'gbt_bytea_picksplit');
INSERT INTO "procedures_excluded" ("procedure_excluded", "name") VALUES (210, 'gbt_oid_fetch');
INSERT INTO "procedures_excluded" ("procedure_excluded", "name") VALUES (215, 'gbt_oid_penalty');
INSERT INTO "procedures_excluded" ("procedure_excluded", "name") VALUES (216, 'gbt_intv_picksplit');
INSERT INTO "procedures_excluded" ("procedure_excluded", "name") VALUES (217, 'gbt_bpchar_consistent');
INSERT INTO "procedures_excluded" ("procedure_excluded", "name") VALUES (218, 'pldbg_deposit_value');
INSERT INTO "procedures_excluded" ("procedure_excluded", "name") VALUES (220, 'gbtreekey32_in');
INSERT INTO "procedures_excluded" ("procedure_excluded", "name") VALUES (221, 'gbt_oid_union');
INSERT INTO "procedures_excluded" ("procedure_excluded", "name") VALUES (222, 'gbt_int2_penalty');
INSERT INTO "procedures_excluded" ("procedure_excluded", "name") VALUES (224, 'gbt_time_fetch');
INSERT INTO "procedures_excluded" ("procedure_excluded", "name") VALUES (225, 'gbt_inet_compress');
INSERT INTO "procedures_excluded" ("procedure_excluded", "name") VALUES (226, 'ts_dist');
INSERT INTO "procedures_excluded" ("procedure_excluded", "name") VALUES (227, 'gbt_bit_consistent');
INSERT INTO "procedures_excluded" ("procedure_excluded", "name") VALUES (229, 'gbt_int2_picksplit');
INSERT INTO "procedures_excluded" ("procedure_excluded", "name") VALUES (230, 'gbt_float8_distance');
INSERT INTO "procedures_excluded" ("procedure_excluded", "name") VALUES (231, 'pldbg_get_proxy_info');
INSERT INTO "procedures_excluded" ("procedure_excluded", "name") VALUES (233, 'gbt_numeric_consistent');
INSERT INTO "procedures_excluded" ("procedure_excluded", "name") VALUES (234, 'gbtreekey_var_in');
INSERT INTO "procedures_excluded" ("procedure_excluded", "name") VALUES (235, 'gbt_bpchar_compress');
INSERT INTO "procedures_excluded" ("procedure_excluded", "name") VALUES (236, 'pldbg_get_breakpoints');
INSERT INTO "procedures_excluded" ("procedure_excluded", "name") VALUES (238, 'gbt_inet_same');
INSERT INTO "procedures_excluded" ("procedure_excluded", "name") VALUES (239, 'gbt_int4_same');
INSERT INTO "procedures_excluded" ("procedure_excluded", "name") VALUES (240, 'date_dist');
INSERT INTO "procedures_excluded" ("procedure_excluded", "name") VALUES (241, 'gbt_macad_compress');
INSERT INTO "procedures_excluded" ("procedure_excluded", "name") VALUES (243, 'gbt_date_distance');
INSERT INTO "procedures_excluded" ("procedure_excluded", "name") VALUES (244, 'gbt_intv_penalty');
INSERT INTO "procedures_excluded" ("procedure_excluded", "name") VALUES (247, 'gbt_macad_consistent');
INSERT INTO "procedures_excluded" ("procedure_excluded", "name") VALUES (249, 'gbt_int4_union');
INSERT INTO "procedures_excluded" ("procedure_excluded", "name") VALUES (250, 'gbt_date_union');
INSERT INTO "procedures_excluded" ("procedure_excluded", "name") VALUES (252, 'gbt_float4_consistent');
INSERT INTO "procedures_excluded" ("procedure_excluded", "name") VALUES (253, 'gbt_numeric_compress');
INSERT INTO "procedures_excluded" ("procedure_excluded", "name") VALUES (255, 'gbtreekey8_out');
INSERT INTO "procedures_excluded" ("procedure_excluded", "name") VALUES (257, 'time_dist');
INSERT INTO "procedures_excluded" ("procedure_excluded", "name") VALUES (258, 'int4_dist');
INSERT INTO "procedures_excluded" ("procedure_excluded", "name") VALUES (259, 'gbt_int4_distance');
INSERT INTO "procedures_excluded" ("procedure_excluded", "name") VALUES (261, 'normal_rand');
INSERT INTO "procedures_excluded" ("procedure_excluded", "name") VALUES (262, 'cash_dist');
INSERT INTO "procedures_excluded" ("procedure_excluded", "name") VALUES (263, 'crosstab');
INSERT INTO "procedures_excluded" ("procedure_excluded", "name") VALUES (264, 'crosstab3');
INSERT INTO "procedures_excluded" ("procedure_excluded", "name") VALUES (265, 'interval_dist');
INSERT INTO "procedures_excluded" ("procedure_excluded", "name") VALUES (266, 'tstz_dist');
INSERT INTO "procedures_excluded" ("procedure_excluded", "name") VALUES (267, 'tstz_dist');
INSERT INTO "procedures_excluded" ("procedure_excluded", "name") VALUES (268, 'crosstab2');
INSERT INTO "procedures_excluded" ("procedure_excluded", "name") VALUES (269, 'urlencode');
INSERT INTO "procedures_excluded" ("procedure_excluded", "name") VALUES (7, 'http_set_curlopt');
INSERT INTO "procedures_excluded" ("procedure_excluded", "name") VALUES (9, 'http_reset_curlopt');


ALTER TABLE "procedures_excluded" ENABLE TRIGGER ALL;

--
-- Data for Name: relations_excluded; Type: TABLE DATA; Schema: translate; Owner: postgres
--

ALTER TABLE "relations_excluded" DISABLE TRIGGER ALL;



ALTER TABLE "relations_excluded" ENABLE TRIGGER ALL;


